fullName,studentId
Гущина Анна Ивановна,DCS0001
Блинов Иван Иванович,DCS0002
Куликова Анна Ивановна,DCS0003
Федотов Иван Иванович,DCS0004
Гаврилова Анна Ивановна,DCS0005
Дьяконов Иван Иванович,DCS0006
Романова Анна Ивановна,DCS0007
Ермаков Иван Иванович,DCS0008
Нестерова Анна Ивановна,DCS0009
Лазарев Иван Иванович,DCS0010
Баженова Анна Ивановна,DCS0011
Ширяев Иван Иванович,DCS0012
Абрамова Анна Ивановна,DCS0013
Мартынов Иван Иванович,DCS0014
Матвеева Анна Ивановна,DCS0015
Пахомов Иван Иванович,DCS0016
Логинова Анна Ивановна,DCS0017
Жданов Иван Иванович,DCS0018
Касаткина Анна Ивановна,DCS0019
Жеребцов Иван Иванович,DCS0020
Устинова Анна Ивановна,DCS0021
Рыбаков Иван Иванович,DCS0022
Короткова Анна Ивановна,DCS0023
Шестаков Иван Иванович,DCS0024
Князева Анна Ивановна,DCS0025
Кольцов Иван Иванович,DCS0026
Суслова Анна Ивановна,DCS0027
Бобров Иван Иванович,DCS0028
Черкасова Анна Ивановна,DCS0029
Мельников Иван Иванович,DCS0030
Николаева Анна Ивановна,DCS0031
Филиппов Иван Иванович,DCS0032
Бурова Анна Ивановна,DCS0033
Кулиш Иван Иванович,DCS0034
Титова Анна Ивановна,DCS0035
Крылов Иван Иванович,DCS0036
Назарова Анна Ивановна,DCS0037
Шевцов Иван Иванович,DCS0038
Панфилова Анна Ивановна,DCS0039
Дорофеев Иван Иванович,DCS0040
Кондратьева Анна Ивановна,DCS0041
Быков Иван Иванович,DCS0042
Давыдова Анна Ивановна,DCS0043
Беляев Иван Иванович,DCS0044
Зотова Анна Ивановна,DCS0045
Кравцов Иван Иванович,DCS0046
Игнатова Анна Ивановна,DCS0047
Тимофеев Иван Иванович,DCS0048
Полякова Анна Ивановна,DCS0049
Копылов Пётр Иванович,DCS0050
Гущина Мария Ивановна,DCS0051
Блинов Пётр Иванович,DCS0052
Куликова Мария Ивановна,DCS0053
Федотов Пётр Иванович,DCS0054
Гаврилова Мария Ивановна,DCS0055
Дьяконов Пётр Иванович,DCS0056
Романова Мария Ивановна,DCS0057
Ермаков Пётр Иванович,DCS0058
Нестерова Мария Ивановна,DCS0059
Лазарев Пётр Иванович,DCS0060
Баженова Мария Ивановна,DCS0061
Ширяев Пётр Иванович,DCS0062
Абрамова Мария Ивановна,DCS0063
Мартынов Пётр Иванович,DCS0064
Матвеева Мария Ивановна,DCS0065
Пахомов Пётр Иванович,DCS0066
Логинова Мария Ивановна,DCS0067
Жданов Пётр Иванович,DCS0068
Касаткина Мария Ивановна,DCS0069
Жеребцов Пётр Иванович,DCS0070
Устинова Мария Ивановна,DCS0071
Рыбаков Пётр Иванович,DCS0072
Короткова Мария Ивановна,DCS0073
Шестаков Пётр Иванович,DCS0074
Князева Мария Ивановна,DCS0075
Кольцов Пётр Иванович,DCS0076
Суслова Мария Ивановна,DCS0077
Бобров Пётр Иванович,DCS0078
Черкасова Мария Ивановна,DCS0079
Мельников Пётр Иванович,DCS0080
Николаева Мария Ивановна,DCS0081
Филиппов Пётр Иванович,DCS0082
Бурова Мария Ивановна,DCS0083
Кулиш Пётр Иванович,DCS0084
Титова Мария Ивановна,DCS0085
Крылов Пётр Иванович,DCS0086
Назарова Мария Ивановна,DCS0087
Шевцов Пётр Иванович,DCS0088
Панфилова Мария Ивановна,DCS0089
Дорофеев Пётр Иванович,DCS0090
Кондратьева Мария Ивановна,DCS0091
Быков Пётр Иванович,DCS0092
Давыдова Мария Ивановна,DCS0093
Беляев Пётр Иванович,DCS0094
Зотова Мария Ивановна,DCS0095
Кравцов Пётр Иванович,DCS0096
Игнатова Мария Ивановна,DCS0097
Тимофеев Пётр Иванович,DCS0098
Полякова Мария Ивановна,DCS0099
Копылов Александр Иванович,DCS0100
Гущина Екатерина Ивановна,DCS0101
Блинов Александр Иванович,DCS0102
Куликова Екатерина Ивановна,DCS0103
Федотов Александр Иванович,DCS0104
Гаврилова Екатерина Ивановна,DCS0105
Дьяконов Александр Иванович,DCS0106
Романова Екатерина Ивановна,DCS0107
Ермаков Александр Иванович,DCS0108
Нестерова Екатерина Ивановна,DCS0109
Лазарев Александр Иванович,DCS0110
Баженова Екатерина Ивановна,DCS0111
Ширяев Александр Иванович,DCS0112
Абрамова Екатерина Ивановна,DCS0113
Мартынов Александр Иванович,DCS0114
Матвеева Екатерина Ивановна,DCS0115
Пахомов Александр Иванович,DCS0116
Логинова Екатерина Ивановна,DCS0117
Жданов Александр Иванович,DCS0118
Касаткина Екатерина Ивановна,DCS0119
Жеребцов Александр Иванович,DCS0120
Устинова Екатерина Ивановна,DCS0121
Рыбаков Александр Иванович,DCS0122
Короткова Екатерина Ивановна,DCS0123
Шестаков Александр Иванович,DCS0124
Князева Екатерина Ивановна,DCS0125
Кольцов Александр Иванович,DCS0126
Суслова Екатерина Ивановна,DCS0127
Бобров Александр Иванович,DCS0128
Черкасова Екатерина Ивановна,DCS0129
Мельников Александр Иванович,DCS0130
Николаева Екатерина Ивановна,DCS0131
Филиппов Александр Иванович,DCS0132
Бурова Екатерина Ивановна,DCS0133
Кулиш Александр Иванович,DCS0134
Титова Екатерина Ивановна,DCS0135
Крылов Александр Иванович,DCS0136
Назарова Екатерина Ивановна,DCS0137
Шевцов Александр Иванович,DCS0138
Панфилова Екатерина Ивановна,DCS0139
Дорофеев Александр Иванович,DCS0140
Кондратьева Екатерина Ивановна,DCS0141
Быков Александр Иванович,DCS0142
Давыдова Екатерина Ивановна,DCS0143
Беляев Александр Иванович,DCS0144
Зотова Екатерина Ивановна,DCS0145
Кравцов Александр Иванович,DCS0146
Игнатова Екатерина Ивановна,DCS0147
Тимофеев Александр Иванович,DCS0148
Полякова Екатерина Ивановна,DCS0149
Копылов Дмитрий Иванович,DCS0150
Гущина Алиса Ивановна,DCS0151
Блинов Дмитрий Иванович,DCS0152
Куликова Алиса Ивановна,DCS0153
Федотов Дмитрий Иванович,DCS0154
Гаврилова Алиса Ивановна,DCS0155
Дьяконов Дмитрий Иванович,DCS0156
Романова Алиса Ивановна,DCS0157
Ермаков Дмитрий Иванович,DCS0158
Нестерова Алиса Ивановна,DCS0159
Лазарев Дмитрий Иванович,DCS0160
Баженова Алиса Ивановна,DCS0161
Ширяев Дмитрий Иванович,DCS0162
Абрамова Алиса Ивановна,DCS0163
Мартынов Дмитрий Иванович,DCS0164
Матвеева Алиса Ивановна,DCS0165
Пахомов Дмитрий Иванович,DCS0166
Логинова Алиса Ивановна,DCS0167
Жданов Дмитрий Иванович,DCS0168
Касаткина Алиса Ивановна,DCS0169
Жеребцов Дмитрий Иванович,DCS0170
Устинова Алиса Ивановна,DCS0171
Рыбаков Дмитрий Иванович,DCS0172
Короткова Алиса Ивановна,DCS0173
Шестаков Дмитрий Иванович,DCS0174
Князева Алиса Ивановна,DCS0175
Кольцов Дмитрий Иванович,DCS0176
Суслова Алиса Ивановна,DCS0177
Бобров Дмитрий Иванович,DCS0178
Черкасова Алиса Ивановна,DCS0179
Мельников Дмитрий Иванович,DCS0180
Николаева Алиса Ивановна,DCS0181
Филиппов Дмитрий Иванович,DCS0182
Бурова Алиса Ивановна,DCS0183
Кулиш Дмитрий Иванович,DCS0184
Титова Алиса Ивановна,DCS0185
Крылов Дмитрий Иванович,DCS0186
Назарова Алиса Ивановна,DCS0187
Шевцов Дмитрий Иванович,DCS0188
Панфилова Алиса Ивановна,DCS0189
Дорофеев Дмитрий Иванович,DCS0190
Кондратьева Алиса Ивановна,DCS0191
Быков Дмитрий Иванович,DCS0192
Давыдова Алиса Ивановна,DCS0193
Беляев Дмитрий Иванович,DCS0194
Зотова Алиса Ивановна,DCS0195
Кравцов Дмитрий Иванович,DCS0196
Игнатова Алиса Ивановна,DCS0197
Тимофеев Дмитрий Иванович,DCS0198
Полякова Алиса Ивановна,DCS0199
Копылов Максим Иванович,DCS0200
Гущина Полина Ивановна,DCS0201
Блинов Максим Иванович,DCS0202
Куликова Полина Ивановна,DCS0203
Федотов Максим Иванович,DCS0204
Гаврилова Полина Ивановна,DCS0205
Дьяконов Максим Иванович,DCS0206
Романова Полина Ивановна,DCS0207
Ермаков Максим Иванович,DCS0208
Нестерова Полина Ивановна,DCS0209
Лазарев Максим Иванович,DCS0210
Баженова Полина Ивановна,DCS0211
Ширяев Максим Иванович,DCS0212
Абрамова Полина Ивановна,DCS0213
Мартынов Максим Иванович,DCS0214
Матвеева Полина Ивановна,DCS0215
Пахомов Максим Иванович,DCS0216
Логинова Полина Ивановна,DCS0217
Жданов Максим Иванович,DCS0218
Касаткина Полина Ивановна,DCS0219
Жеребцов Максим Иванович,DCS0220
Устинова Полина Ивановна,DCS0221
Рыбаков Максим Иванович,DCS0222
Короткова Полина Ивановна,DCS0223
Шестаков Максим Иванович,DCS0224
Князева Полина Ивановна,DCS0225
Кольцов Максим Иванович,DCS0226
Суслова Полина Ивановна,DCS0227
Бобров Максим Иванович,DCS0228
Черкасова Полина Ивановна,DCS0229
Мельников Максим Иванович,DCS0230
Николаева Полина Ивановна,DCS0231
Филиппов Максим Иванович,DCS0232
Бурова Полина Ивановна,DCS0233
Кулиш Максим Иванович,DCS0234
Титова Полина Ивановна,DCS0235
Крылов Максим Иванович,DCS0236
Назарова Полина Ивановна,DCS0237
Шевцов Максим Иванович,DCS0238
Панфилова Полина Ивановна,DCS0239
Дорофеев Максим Иванович,DCS0240
Кондратьева Полина Ивановна,DCS0241
Быков Максим Иванович,DCS0242
Давыдова Полина Ивановна,DCS0243
Беляев Максим Иванович,DCS0244
Зотова Полина Ивановна,DCS0245
Кравцов Максим Иванович,DCS0246
Игнатова Полина Ивановна,DCS0247
Тимофеев Максим Иванович,DCS0248
Полякова Полина Ивановна,DCS0249
Копылов Никита Иванович,DCS0250
Гущина София Ивановна,DCS0251
Блинов Никита Иванович,DCS0252
Куликова София Ивановна,DCS0253
Федотов Никита Иванович,DCS0254
Гаврилова София Ивановна,DCS0255
Дьяконов Никита Иванович,DCS0256
Романова София Ивановна,DCS0257
Ермаков Никита Иванович,DCS0258
Нестерова София Ивановна,DCS0259
Лазарев Никита Иванович,DCS0260
Баженова София Ивановна,DCS0261
Ширяев Никита Иванович,DCS0262
Абрамова София Ивановна,DCS0263
Мартынов Никита Иванович,DCS0264
Матвеева София Ивановна,DCS0265
Пахомов Никита Иванович,DCS0266
Логинова София Ивановна,DCS0267
Жданов Никита Иванович,DCS0268
Касаткина София Ивановна,DCS0269
Жеребцов Никита Иванович,DCS0270
Устинова София Ивановна,DCS0271
Рыбаков Никита Иванович,DCS0272
Короткова София Ивановна,DCS0273
Шестаков Никита Иванович,DCS0274
Князева София Ивановна,DCS0275
Кольцов Никита Иванович,DCS0276
Суслова София Ивановна,DCS0277
Бобров Никита Иванович,DCS0278
Черкасова София Ивановна,DCS0279
Мельников Никита Иванович,DCS0280
Николаева София Ивановна,DCS0281
Филиппов Никита Иванович,DCS0282
Бурова София Ивановна,DCS0283
Кулиш Никита Иванович,DCS0284
Титова София Ивановна,DCS0285
Крылов Никита Иванович,DCS0286
Назарова София Ивановна,DCS0287
Шевцов Никита Иванович,DCS0288
Панфилова София Ивановна,DCS0289
Дорофеев Никита Иванович,DCS0290
Кондратьева София Ивановна,DCS0291
Быков Никита Иванович,DCS0292
Давыдова София Ивановна,DCS0293
Беляев Никита Иванович,DCS0294
Зотова София Ивановна,DCS0295
Кравцов Никита Иванович,DCS0296
Игнатова София Ивановна,DCS0297
Тимофеев Никита Иванович,DCS0298
Полякова София Ивановна,DCS0299
Копылов Андрей Иванович,DCS0300
Гущина Дарья Ивановна,DCS0301
Блинов Андрей Иванович,DCS0302
Куликова Дарья Ивановна,DCS0303
Федотов Андрей Иванович,DCS0304
Гаврилова Дарья Ивановна,DCS0305
Дьяконов Андрей Иванович,DCS0306
Романова Дарья Ивановна,DCS0307
Ермаков Андрей Иванович,DCS0308
Нестерова Дарья Ивановна,DCS0309
Лазарев Андрей Иванович,DCS0310
Баженова Дарья Ивановна,DCS0311
Ширяев Андрей Иванович,DCS0312
Абрамова Дарья Ивановна,DCS0313
Мартынов Андрей Иванович,DCS0314
Матвеева Дарья Ивановна,DCS0315
Пахомов Андрей Иванович,DCS0316
Логинова Дарья Ивановна,DCS0317
Жданов Андрей Иванович,DCS0318
Касаткина Дарья Ивановна,DCS0319
Жеребцов Андрей Иванович,DCS0320
Устинова Дарья Ивановна,DCS0321
Рыбаков Андрей Иванович,DCS0322
Короткова Дарья Ивановна,DCS0323
Шестаков Андрей Иванович,DCS0324
Князева Дарья Ивановна,DCS0325
Кольцов Андрей Иванович,DCS0326
Суслова Дарья Ивановна,DCS0327
Бобров Андрей Иванович,DCS0328
Черкасова Дарья Ивановна,DCS0329
Мельников Андрей Иванович,DCS0330
Николаева Дарья Ивановна,DCS0331
Филиппов Андрей Иванович,DCS0332
Бурова Дарья Ивановна,DCS0333
Кулиш Андрей Иванович,DCS0334
Титова Дарья Ивановна,DCS0335
Крылов Андрей Иванович,DCS0336
Назарова Дарья Ивановна,DCS0337
Шевцов Андрей Иванович,DCS0338
Панфилова Дарья Ивановна,DCS0339
Дорофеев Андрей Иванович,DCS0340
Кондратьева Дарья Ивановна,DCS0341
Быков Андрей Иванович,DCS0342
Давыдова Дарья Ивановна,DCS0343
Беляев Андрей Иванович,DCS0344
Зотова Дарья Ивановна,DCS0345
Кравцов Андрей Иванович,DCS0346
Игнатова Дарья Ивановна,DCS0347
Тимофеев Андрей Иванович,DCS0348
Полякова Дарья Ивановна,DCS0349
Копылов Сергей Иванович,DCS0350
Гущина Арина Ивановна,DCS0351
Блинов Сергей Иванович,DCS0352
Куликова Арина Ивановна,DCS0353
Федотов Сергей Иванович,DCS0354
Гаврилова Арина Ивановна,DCS0355
Дьяконов Сергей Иванович,DCS0356
Романова Арина Ивановна,DCS0357
Ермаков Сергей Иванович,DCS0358
Нестерова Арина Ивановна,DCS0359
Лазарев Сергей Иванович,DCS0360
Баженова Арина Ивановна,DCS0361
Ширяев Сергей Иванович,DCS0362
Абрамова Арина Ивановна,DCS0363
Мартынов Сергей Иванович,DCS0364
Матвеева Арина Ивановна,DCS0365
Пахомов Сергей Иванович,DCS0366
Логинова Арина Ивановна,DCS0367
Жданов Сергей Иванович,DCS0368
Касаткина Арина Ивановна,DCS0369
Жеребцов Сергей Иванович,DCS0370
Устинова Арина Ивановна,DCS0371
Рыбаков Сергей Иванович,DCS0372
Короткова Арина Ивановна,DCS0373
Шестаков Сергей Иванович,DCS0374
Князева Арина Ивановна,DCS0375
Кольцов Сергей Иванович,DCS0376
Суслова Арина Ивановна,DCS0377
Бобров Сергей Иванович,DCS0378
Черкасова Арина Ивановна,DCS0379
Мельников Сергей Иванович,DCS0380
Николаева Арина Ивановна,DCS0381
Филиппов Сергей Иванович,DCS0382
Бурова Арина Ивановна,DCS0383
Кулиш Сергей Иванович,DCS0384
Титова Арина Ивановна,DCS0385
Крылов Сергей Иванович,DCS0386
Назарова Арина Ивановна,DCS0387
Шевцов Сергей Иванович,DCS0388
Панфилова Арина Ивановна,DCS0389
Дорофеев Сергей Иванович,DCS0390
Кондратьева Арина Ивановна,DCS0391
Быков Сергей Иванович,DCS0392
Давыдова Арина Ивановна,DCS0393
Беляев Сергей Иванович,DCS0394
Зотова Арина Ивановна,DCS0395
Кравцов Сергей Иванович,DCS0396
Игнатова Арина Ивановна,DCS0397
Тимофеев Сергей Иванович,DCS0398
Полякова Арина Ивановна,DCS0399
Копылов Артём Иванович,DCS0400
Гущина Виктория Ивановна,DCS0401
Блинов Артём Иванович,DCS0402
Куликова Виктория Ивановна,DCS0403
Федотов Артём Иванович,DCS0404
Гаврилова Виктория Ивановна,DCS0405
Дьяконов Артём Иванович,DCS0406
Романова Виктория Ивановна,DCS0407
Ермаков Артём Иванович,DCS0408
Нестерова Виктория Ивановна,DCS0409
Лазарев Артём Иванович,DCS0410
Баженова Виктория Ивановна,DCS0411
Ширяев Артём Иванович,DCS0412
Абрамова Виктория Ивановна,DCS0413
Мартынов Артём Иванович,DCS0414
Матвеева Виктория Ивановна,DCS0415
Пахомов Артём Иванович,DCS0416
Логинова Виктория Ивановна,DCS0417
Жданов Артём Иванович,DCS0418
Касаткина Виктория Ивановна,DCS0419
Жеребцов Артём Иванович,DCS0420
Устинова Виктория Ивановна,DCS0421
Рыбаков Артём Иванович,DCS0422
Короткова Виктория Ивановна,DCS0423
Шестаков Артём Иванович,DCS0424
Князева Виктория Ивановна,DCS0425
Кольцов Артём Иванович,DCS0426
Суслова Виктория Ивановна,DCS0427
Бобров Артём Иванович,DCS0428
Черкасова Виктория Ивановна,DCS0429
Мельников Артём Иванович,DCS0430
Николаева Виктория Ивановна,DCS0431
Филиппов Артём Иванович,DCS0432
Бурова Виктория Ивановна,DCS0433
Кулиш Артём Иванович,DCS0434
Титова Виктория Ивановна,DCS0435
Крылов Артём Иванович,DCS0436
Назарова Виктория Ивановна,DCS0437
Шевцов Артём Иванович,DCS0438
Панфилова Виктория Ивановна,DCS0439
Дорофеев Артём Иванович,DCS0440
Кондратьева Виктория Ивановна,DCS0441
Быков Артём Иванович,DCS0442
Давыдова Виктория Ивановна,DCS0443
Беляев Артём Иванович,DCS0444
Зотова Виктория Ивановна,DCS0445
Кравцов Артём Иванович,DCS0446
Игнатова Виктория Ивановна,DCS0447
Тимофеев Артём Иванович,DCS0448
Полякова Виктория Ивановна,DCS0449
Копылов Егор Иванович,DCS0450
Гущина Ксения Ивановна,DCS0451
Блинов Егор Иванович,DCS0452
Куликова Ксения Ивановна,DCS0453
Федотов Егор Иванович,DCS0454
Гаврилова Ксения Ивановна,DCS0455
Дьяконов Егор Иванович,DCS0456
Романова Ксения Ивановна,DCS0457
Ермаков Егор Иванович,DCS0458
Нестерова Ксения Ивановна,DCS0459
Лазарев Егор Иванович,DCS0460
Баженова Ксения Ивановна,DCS0461
Ширяев Егор Иванович,DCS0462
Абрамова Ксения Ивановна,DCS0463
Мартынов Егор Иванович,DCS0464
Матвеева Ксения Ивановна,DCS0465
Пахомов Егор Иванович,DCS0466
Логинова Ксения Ивановна,DCS0467
Жданов Егор Иванович,DCS0468
Касаткина Ксения Ивановна,DCS0469
Жеребцов Егор Иванович,DCS0470
Устинова Ксения Ивановна,DCS0471
Рыбаков Егор Иванович,DCS0472
Короткова Ксения Ивановна,DCS0473
Шестаков Егор Иванович,DCS0474
Князева Ксения Ивановна,DCS0475
Кольцов Егор Иванович,DCS0476
Суслова Ксения Ивановна,DCS0477
Бобров Егор Иванович,DCS0478
Черкасова Ксения Ивановна,DCS0479
Мельников Егор Иванович,DCS0480
Николаева Ксения Ивановна,DCS0481
Филиппов Егор Иванович,DCS0482
Бурова Ксения Ивановна,DCS0483
Кулиш Егор Иванович,DCS0484
Титова Ксения Ивановна,DCS0485
Крылов Егор Иванович,DCS0486
Назарова Ксения Ивановна,DCS0487
Шевцов Егор Иванович,DCS0488
Панфилова Ксения Ивановна,DCS0489
Дорофеев Егор Иванович,DCS0490
Кондратьева Ксения Ивановна,DCS0491
Быков Егор Иванович,DCS0492
Давыдова Ксения Ивановна,DCS0493
Беляев Егор Иванович,DCS0494
Зотова Ксения Ивановна,DCS0495
Кравцов Егор Иванович,DCS0496
Игнатова Ксения Ивановна,DCS0497
Тимофеев Егор Иванович,DCS0498
Полякова Ксения Ивановна,DCS0499
Копылов Илья Иванович,DCS0500
Гущина Елизавета Ивановна,DCS0501
Блинов Илья Иванович,DCS0502
Куликова Елизавета Ивановна,DCS0503
Федотов Илья Иванович,DCS0504
Гаврилова Елизавета Ивановна,DCS0505
Дьяконов Илья Иванович,DCS0506
Романова Елизавета Ивановна,DCS0507
Ермаков Илья Иванович,DCS0508
Нестерова Елизавета Ивановна,DCS0509
Лазарев Илья Иванович,DCS0510
Баженова Елизавета Ивановна,DCS0511
Ширяев Илья Иванович,DCS0512
Абрамова Елизавета Ивановна,DCS0513
Мартынов Илья Иванович,DCS0514
Матвеева Елизавета Ивановна,DCS0515
Пахомов Илья Иванович,DCS0516
Логинова Елизавета Ивановна,DCS0517
Жданов Илья Иванович,DCS0518
Касаткина Елизавета Ивановна,DCS0519
Жеребцов Илья Иванович,DCS0520
Устинова Елизавета Ивановна,DCS0521
Рыбаков Илья Иванович,DCS0522
Короткова Елизавета Ивановна,DCS0523
Шестаков Илья Иванович,DCS0524
Князева Елизавета Ивановна,DCS0525
Кольцов Илья Иванович,DCS0526
Суслова Елизавета Ивановна,DCS0527
Бобров Илья Иванович,DCS0528
Черкасова Елизавета Ивановна,DCS0529
Мельников Илья Иванович,DCS0530
Николаева Елизавета Ивановна,DCS0531
Филиппов Илья Иванович,DCS0532
Бурова Елизавета Ивановна,DCS0533
Кулиш Илья Иванович,DCS0534
Титова Елизавета Ивановна,DCS0535
Крылов Илья Иванович,DCS0536
Назарова Елизавета Ивановна,DCS0537
Шевцов Илья Иванович,DCS0538
Панфилова Елизавета Ивановна,DCS0539
Дорофеев Илья Иванович,DCS0540
Кондратьева Елизавета Ивановна,DCS0541
Быков Илья Иванович,DCS0542
Давыдова Елизавета Ивановна,DCS0543
Беляев Илья Иванович,DCS0544
Зотова Елизавета Ивановна,DCS0545
Кравцов Илья Иванович,DCS0546
Игнатова Елизавета Ивановна,DCS0547
Тимофеев Илья Иванович,DCS0548
Полякова Елизавета Ивановна,DCS0549
Копылов Михаил Иванович,DCS0550
Гущина Валерия Ивановна,DCS0551
Блинов Михаил Иванович,DCS0552
Куликова Валерия Ивановна,DCS0553
Федотов Михаил Иванович,DCS0554
Гаврилова Валерия Ивановна,DCS0555
Дьяконов Михаил Иванович,DCS0556
Романова Валерия Ивановна,DCS0557
Ермаков Михаил Иванович,DCS0558
Нестерова Валерия Ивановна,DCS0559
Лазарев Михаил Иванович,DCS0560
Баженова Валерия Ивановна,DCS0561
Ширяев Михаил Иванович,DCS0562
Абрамова Валерия Ивановна,DCS0563
Мартынов Михаил Иванович,DCS0564
Матвеева Валерия Ивановна,DCS0565
Пахомов Михаил Иванович,DCS0566
Логинова Валерия Ивановна,DCS0567
Жданов Михаил Иванович,DCS0568
Касаткина Валерия Ивановна,DCS0569
Жеребцов Михаил Иванович,DCS0570
Устинова Валерия Ивановна,DCS0571
Рыбаков Михаил Иванович,DCS0572
Короткова Валерия Ивановна,DCS0573
Шестаков Михаил Иванович,DCS0574
Князева Валерия Ивановна,DCS0575
Кольцов Михаил Иванович,DCS0576
Суслова Валерия Ивановна,DCS0577
Бобров Михаил Иванович,DCS0578
Черкасова Валерия Ивановна,DCS0579
Мельников Михаил Иванович,DCS0580
Николаева Валерия Ивановна,DCS0581
Филиппов Михаил Иванович,DCS0582
Бурова Валерия Ивановна,DCS0583
Кулиш Михаил Иванович,DCS0584
Титова Валерия Ивановна,DCS0585
Крылов Михаил Иванович,DCS0586
Назарова Валерия Ивановна,DCS0587
Шевцов Михаил Иванович,DCS0588
Панфилова Валерия Ивановна,DCS0589
Дорофеев Михаил Иванович,DCS0590
Кондратьева Валерия Ивановна,DCS0591
Быков Михаил Иванович,DCS0592
Давыдова Валерия Ивановна,DCS0593
Беляев Михаил Иванович,DCS0594
Зотова Валерия Ивановна,DCS0595
Кравцов Михаил Иванович,DCS0596
Игнатова Валерия Ивановна,DCS0597
Тимофеев Михаил Иванович,DCS0598
Полякова Валерия Ивановна,DCS0599
Копылов Кирилл Иванович,DCS0600
Гущина Наталья Ивановна,DCS0601
Блинов Кирилл Иванович,DCS0602
Куликова Наталья Ивановна,DCS0603
Федотов Кирилл Иванович,DCS0604
Гаврилова Наталья Ивановна,DCS0605
Дьяконов Кирилл Иванович,DCS0606
Романова Наталья Ивановна,DCS0607
Ермаков Кирилл Иванович,DCS0608
Нестерова Наталья Ивановна,DCS0609
Лазарев Кирилл Иванович,DCS0610
Баженова Наталья Ивановна,DCS0611
Ширяев Кирилл Иванович,DCS0612
Абрамова Наталья Ивановна,DCS0613
Мартынов Кирилл Иванович,DCS0614
Матвеева Наталья Ивановна,DCS0615
Пахомов Кирилл Иванович,DCS0616
Логинова Наталья Ивановна,DCS0617
Жданов Кирилл Иванович,DCS0618
Касаткина Наталья Ивановна,DCS0619
Жеребцов Кирилл Иванович,DCS0620
Устинова Наталья Ивановна,DCS0621
Рыбаков Кирилл Иванович,DCS0622
Короткова Наталья Ивановна,DCS0623
Шестаков Кирилл Иванович,DCS0624
Князева Наталья Ивановна,DCS0625
Кольцов Кирилл Иванович,DCS0626
Суслова Наталья Ивановна,DCS0627
Бобров Кирилл Иванович,DCS0628
Черкасова Наталья Ивановна,DCS0629
Мельников Кирилл Иванович,DCS0630
Николаева Наталья Ивановна,DCS0631
Филиппов Кирилл Иванович,DCS0632
Бурова Наталья Ивановна,DCS0633
Кулиш Кирилл Иванович,DCS0634
Титова Наталья Ивановна,DCS0635
Крылов Кирилл Иванович,DCS0636
Назарова Наталья Ивановна,DCS0637
Шевцов Кирилл Иванович,DCS0638
Панфилова Наталья Ивановна,DCS0639
Дорофеев Кирилл Иванович,DCS0640
Кондратьева Наталья Ивановна,DCS0641
Быков Кирилл Иванович,DCS0642
Давыдова Наталья Ивановна,DCS0643
Беляев Кирилл Иванович,DCS0644
Зотова Наталья Ивановна,DCS0645
Кравцов Кирилл Иванович,DCS0646
Игнатова Наталья Ивановна,DCS0647
Тимофеев Кирилл Иванович,DCS0648
Полякова Наталья Ивановна,DCS0649
Копылов Роман Иванович,DCS0650
Гущина Ольга Ивановна,DCS0651
Блинов Роман Иванович,DCS0652
Куликова Ольга Ивановна,DCS0653
Федотов Роман Иванович,DCS0654
Гаврилова Ольга Ивановна,DCS0655
Дьяконов Роман Иванович,DCS0656
Романова Ольга Ивановна,DCS0657
Ермаков Роман Иванович,DCS0658
Нестерова Ольга Ивановна,DCS0659
Лазарев Роман Иванович,DCS0660
Баженова Ольга Ивановна,DCS0661
Ширяев Роман Иванович,DCS0662
Абрамова Ольга Ивановна,DCS0663
Мартынов Роман Иванович,DCS0664
Матвеева Ольга Ивановна,DCS0665
Пахомов Роман Иванович,DCS0666
Логинова Ольга Ивановна,DCS0667
Жданов Роман Иванович,DCS0668
Касаткина Ольга Ивановна,DCS0669
Жеребцов Роман Иванович,DCS0670
Устинова Ольга Ивановна,DCS0671
Рыбаков Роман Иванович,DCS0672
Короткова Ольга Ивановна,DCS0673
Шестаков Роман Иванович,DCS0674
Князева Ольга Ивановна,DCS0675
Кольцов Роман Иванович,DCS0676
Суслова Ольга Ивановна,DCS0677
Бобров Роман Иванович,DCS0678
Черкасова Ольга Ивановна,DCS0679
Мельников Роман Иванович,DCS0680
Николаева Ольга Ивановна,DCS0681
Филиппов Роман Иванович,DCS0682
Бурова Ольга Ивановна,DCS0683
Кулиш Роман Иванович,DCS0684
Титова Ольга Ивановна,DCS0685
Крылов Роман Иванович,DCS0686
Назарова Ольга Ивановна,DCS0687
Шевцов Роман Иванович,DCS0688
Панфилова Ольга Ивановна,DCS0689
Дорофеев Роман Иванович,DCS0690
Кондратьева Ольга Ивановна,DCS0691
Быков Роман Иванович,DCS0692
Давыдова Ольга Ивановна,DCS0693
Беляев Роман Иванович,DCS0694
Зотова Ольга Ивановна,DCS0695
Кравцов Роман Иванович,DCS0696
Игнатова Ольга Ивановна,DCS0697
Тимофеев Роман Иванович,DCS0698
Полякова Ольга Ивановна,DCS0699
Копылов Владимир Иванович,DCS0700
Гущина Татьяна Ивановна,DCS0701
Блинов Владимир Иванович,DCS0702
Куликова Татьяна Ивановна,DCS0703
Федотов Владимир Иванович,DCS0704
Гаврилова Татьяна Ивановна,DCS0705
Дьяконов Владимир Иванович,DCS0706
Романова Татьяна Ивановна,DCS0707
Ермаков Владимир Иванович,DCS0708
Нестерова Татьяна Ивановна,DCS0709
Лазарев Владимир Иванович,DCS0710
Баженова Татьяна Ивановна,DCS0711
Ширяев Владимир Иванович,DCS0712
Абрамова Татьяна Ивановна,DCS0713
Мартынов Владимир Иванович,DCS0714
Матвеева Татьяна Ивановна,DCS0715
Пахомов Владимир Иванович,DCS0716
Логинова Татьяна Ивановна,DCS0717
Жданов Владимир Иванович,DCS0718
Касаткина Татьяна Ивановна,DCS0719
Жеребцов Владимир Иванович,DCS0720
Устинова Татьяна Ивановна,DCS0721
Рыбаков Владимир Иванович,DCS0722
Короткова Татьяна Ивановна,DCS0723
Шестаков Владимир Иванович,DCS0724
Князева Татьяна Ивановна,DCS0725
Кольцов Владимир Иванович,DCS0726
Суслова Татьяна Ивановна,DCS0727
Бобров Владимир Иванович,DCS0728
Черкасова Татьяна Ивановна,DCS0729
Мельников Владимир Иванович,DCS0730
Николаева Татьяна Ивановна,DCS0731
Филиппов Владимир Иванович,DCS0732
Бурова Татьяна Ивановна,DCS0733
Кулиш Владимир Иванович,DCS0734
Титова Татьяна Ивановна,DCS0735
Крылов Владимир Иванович,DCS0736
Назарова Татьяна Ивановна,DCS0737
Шевцов Владимир Иванович,DCS0738
Панфилова Татьяна Ивановна,DCS0739
Дорофеев Владимир Иванович,DCS0740
Кондратьева Татьяна Ивановна,DCS0741
Быков Владимир Иванович,DCS0742
Давыдова Татьяна Ивановна,DCS0743
Беляев Владимир Иванович,DCS0744
Зотова Татьяна Ивановна,DCS0745
Кравцов Владимир Иванович,DCS0746
Игнатова Татьяна Ивановна,DCS0747
Тимофеев Владимир Иванович,DCS0748
Полякова Татьяна Ивановна,DCS0749
Копылов Олег Иванович,DCS0750
Гущина Юлия Ивановна,DCS0751
Блинов Олег Иванович,DCS0752
Куликова Юлия Ивановна,DCS0753
Федотов Олег Иванович,DCS0754
Гаврилова Юлия Ивановна,DCS0755
Дьяконов Олег Иванович,DCS0756
Романова Юлия Ивановна,DCS0757
Ермаков Олег Иванович,DCS0758
Нестерова Юлия Ивановна,DCS0759
Лазарев Олег Иванович,DCS0760
Баженова Юлия Ивановна,DCS0761
Ширяев Олег Иванович,DCS0762
Абрамова Юлия Ивановна,DCS0763
Мартынов Олег Иванович,DCS0764
Матвеева Юлия Ивановна,DCS0765
Пахомов Олег Иванович,DCS0766
Логинова Юлия Ивановна,DCS0767
Жданов Олег Иванович,DCS0768
Касаткина Юлия Ивановна,DCS0769
Жеребцов Олег Иванович,DCS0770
Устинова Юлия Ивановна,DCS0771
Рыбаков Олег Иванович,DCS0772
Короткова Юлия Ивановна,DCS0773
Шестаков Олег Иванович,DCS0774
Князева Юлия Ивановна,DCS0775
Кольцов Олег Иванович,DCS0776
Суслова Юлия Ивановна,DCS0777
Бобров Олег Иванович,DCS0778
Черкасова Юлия Ивановна,DCS0779
Мельников Олег Иванович,DCS0780
Николаева Юлия Ивановна,DCS0781
Филиппов Олег Иванович,DCS0782
Бурова Юлия Ивановна,DCS0783
Кулиш Олег Иванович,DCS0784
Титова Юлия Ивановна,DCS0785
Крылов Олег Иванович,DCS0786
Назарова Юлия Ивановна,DCS0787
Шевцов Олег Иванович,DCS0788
Панфилова Юлия Ивановна,DCS0789
Дорофеев Олег Иванович,DCS0790
Кондратьева Юлия Ивановна,DCS0791
Быков Олег Иванович,DCS0792
Давыдова Юлия Ивановна,DCS0793
Беляев Олег Иванович,DCS0794
Зотова Юлия Ивановна,DCS0795
Кравцов Олег Иванович,DCS0796
Игнатова Юлия Ивановна,DCS0797
Тимофеев Олег Иванович,DCS0798
Полякова Юлия Ивановна,DCS0799
Копылов Виктор Иванович,DCS0800
Гущина Вероника Ивановна,DCS0801
Блинов Виктор Иванович,DCS0802
Куликова Вероника Ивановна,DCS0803
Федотов Виктор Иванович,DCS0804
Гаврилова Вероника Ивановна,DCS0805
Дьяконов Виктор Иванович,DCS0806
Романова Вероника Ивановна,DCS0807
Ермаков Виктор Иванович,DCS0808
Нестерова Вероника Ивановна,DCS0809
Лазарев Виктор Иванович,DCS0810
Баженова Вероника Ивановна,DCS0811
Ширяев Виктор Иванович,DCS0812
Абрамова Вероника Ивановна,DCS0813
Мартынов Виктор Иванович,DCS0814
Матвеева Вероника Ивановна,DCS0815
Пахомов Виктор Иванович,DCS0816
Логинова Вероника Ивановна,DCS0817
Жданов Виктор Иванович,DCS0818
Касаткина Вероника Ивановна,DCS0819
Жеребцов Виктор Иванович,DCS0820
Устинова Вероника Ивановна,DCS0821
Рыбаков Виктор Иванович,DCS0822
Короткова Вероника Ивановна,DCS0823
Шестаков Виктор Иванович,DCS0824
Князева Вероника Ивановна,DCS0825
Кольцов Виктор Иванович,DCS0826
Суслова Вероника Ивановна,DCS0827
Бобров Виктор Иванович,DCS0828
Черкасова Вероника Ивановна,DCS0829
Мельников Виктор Иванович,DCS0830
Николаева Вероника Ивановна,DCS0831
Филиппов Виктор Иванович,DCS0832
Бурова Вероника Ивановна,DCS0833
Кулиш Виктор Иванович,DCS0834
Титова Вероника Ивановна,DCS0835
Крылов Виктор Иванович,DCS0836
Назарова Вероника Ивановна,DCS0837
Шевцов Виктор Иванович,DCS0838
Панфилова Вероника Ивановна,DCS0839
Дорофеев Виктор Иванович,DCS0840
Кондратьева Вероника Ивановна,DCS0841
Быков Виктор Иванович,DCS0842
Давыдова Вероника Ивановна,DCS0843
Беляев Виктор Иванович,DCS0844
Зотова Вероника Ивановна,DCS0845
Кравцов Виктор Иванович,DCS0846
Игнатова Вероника Ивановна,DCS0847
Тимофеев Виктор Иванович,DCS0848
Полякова Вероника Ивановна,DCS0849
Копылов Денис Иванович,DCS0850
Гущина Александра Ивановна,DCS0851
Блинов Денис Иванович,DCS0852
Куликова Александра Ивановна,DCS0853
Федотов Денис Иванович,DCS0854
Гаврилова Александра Ивановна,DCS0855
Дьяконов Денис Иванович,DCS0856
Романова Александра Ивановна,DCS0857
Ермаков Денис Иванович,DCS0858
Нестерова Александра Ивановна,DCS0859
Лазарев Денис Иванович,DCS0860
Баженова Александра Ивановна,DCS0861
Ширяев Денис Иванович,DCS0862
Абрамова Александра Ивановна,DCS0863
Мартынов Денис Иванович,DCS0864
Матвеева Александра Ивановна,DCS0865
Пахомов Денис Иванович,DCS0866
Логинова Александра Ивановна,DCS0867
Жданов Денис Иванович,DCS0868
Касаткина Александра Ивановна,DCS0869
Жеребцов Денис Иванович,DCS0870
Устинова Александра Ивановна,DCS0871
Рыбаков Денис Иванович,DCS0872
Короткова Александра Ивановна,DCS0873
Шестаков Денис Иванович,DCS0874
Князева Александра Ивановна,DCS0875
Кольцов Денис Иванович,DCS0876
Суслова Александра Ивановна,DCS0877
Бобров Денис Иванович,DCS0878
Черкасова Александра Ивановна,DCS0879
Мельников Денис Иванович,DCS0880
Николаева Александра Ивановна,DCS0881
Филиппов Денис Иванович,DCS0882
Бурова Александра Ивановна,DCS0883
Кулиш Денис Иванович,DCS0884
Титова Александра Ивановна,DCS0885
Крылов Денис Иванович,DCS0886
Назарова Александра Ивановна,DCS0887
Шевцов Денис Иванович,DCS0888
Панфилова Александра Ивановна,DCS0889
Дорофеев Денис Иванович,DCS0890
Кондратьева Александра Ивановна,DCS0891
Быков Денис Иванович,DCS0892
Давыдова Александра Ивановна,DCS0893
Беляев Денис Иванович,DCS0894
Зотова Александра Ивановна,DCS0895
Кравцов Денис Иванович,DCS0896
Игнатова Александра Ивановна,DCS0897
Тимофеев Денис Иванович,DCS0898
Полякова Александра Ивановна,DCS0899
Копылов Павел Иванович,DCS0900
