teacherId,fullName
DCT0001,Петрова Анна Ивановна
DCT0002,Сидоров Иван Иванович
DCT0003,Кузнецова Анна Ивановна
DCT0004,Смирнов Иван Иванович
DCT0005,Попова Анна Ивановна
DCT0006,Соколов Иван Иванович
DCT0007,Лебедева Анна Ивановна
DCT0008,Козлов Иван Иванович
DCT0009,Новикова Анна Ивановна
DCT0010,Морозов Иван Иванович
DCT0011,Егорова Анна Ивановна
DCT0012,Волков Иван Иванович
DCT0013,Фёдорова Анна Ивановна
DCT0014,Михайлов Иван Иванович
DCT0015,Белова Анна Ивановна
DCT0016,Тарасов Иван Иванович
DCT0017,Орлова Анна Ивановна
DCT0018,Киселёв Иван Иванович
DCT0019,Макарова Анна Ивановна
DCT0020,Зайцев Иван Иванович
DCT0021,Павлова Анна Ивановна
DCT0022,Семёнов Иван Иванович
DCT0023,Голубева Анна Ивановна
DCT0024,Виноградов Иван Иванович
DCT0025,Богданова Анна Ивановна
DCT0026,Воробьёв Иван Иванович
DCT0027,Фомина Анна Ивановна
DCT0028,Денисов Иван Иванович
DCT0029,Никитина Анна Ивановна
DCT0030,Сергееев Иван Иванович
DCT0031,Захарова Анна Ивановна
DCT0032,Борисов Иван Иванович
DCT0033,Королёва Анна Ивановна
DCT0034,Григорьев Иван Иванович
DCT0035,Яковлева Анна Ивановна
DCT0036,Калинин Иван Иванович
DCT0037,Чернова Анна Ивановна
DCT0038,Жуков Иван Иванович
DCT0039,Фролова Анна Ивановна
DCT0040,Алексеев Иван Иванович
DCT0041,Антонова Анна Ивановна
DCT0042,Комаров Иван Иванович
DCT0043,Савельева Анна Ивановна
DCT0044,Сорокин Иван Иванович
DCT0045,Емельянова Анна Ивановна
DCT0046,Громов Иван Иванович
DCT0047,Карпова Анна Ивановна
DCT0048,Баранов Иван Иванович
DCT0049,Осипова Анна Ивановна
DCT0050,Иванов Пётр Иванович
DCT0051,Петрова Мария Ивановна
DCT0052,Сидоров Пётр Иванович
DCT0053,Кузнецова Мария Ивановна
DCT0054,Смирнов Пётр Иванович
DCT0055,Попова Мария Ивановна
DCT0056,Соколов Пётр Иванович
DCT0057,Лебедева Мария Ивановна
DCT0058,Козлов Пётр Иванович
DCT0059,Новикова Мария Ивановна
DCT0060,Морозов Пётр Иванович
DCT0061,Егорова Мария Ивановна
DCT0062,Волков Пётр Иванович
DCT0063,Фёдорова Мария Ивановна
DCT0064,Михайлов Пётр Иванович
DCT0065,Белова Мария Ивановна
DCT0066,Тарасов Пётр Иванович
DCT0067,Орлова Мария Ивановна
DCT0068,Киселёв Пётр Иванович
DCT0069,Макарова Мария Ивановна
DCT0070,Зайцев Пётр Иванович
DCT0071,Павлова Мария Ивановна
DCT0072,Семёнов Пётр Иванович
DCT0073,Голубева Мария Ивановна
DCT0074,Виноградов Пётр Иванович
DCT0075,Богданова Мария Ивановна
DCT0076,Воробьёв Пётр Иванович
DCT0077,Фомина Мария Ивановна
DCT0078,Денисов Пётр Иванович
DCT0079,Никитина Мария Ивановна
DCT0080,Сергееев Пётр Иванович
DCT0081,Захарова Мария Ивановна
DCT0082,Борисов Пётр Иванович
DCT0083,Королёва Мария Ивановна
DCT0084,Григорьев Пётр Иванович
DCT0085,Яковлева Мария Ивановна
DCT0086,Калинин Пётр Иванович
DCT0087,Чернова Мария Ивановна
DCT0088,Жуков Пётр Иванович
DCT0089,Фролова Мария Ивановна
DCT0090,Алексеев Пётр Иванович
DCT0091,Антонова Мария Ивановна
DCT0092,Комаров Пётр Иванович
DCT0093,Савельева Мария Ивановна
DCT0094,Сорокин Пётр Иванович
DCT0095,Емельянова Мария Ивановна
DCT0096,Громов Пётр Иванович
DCT0097,Карпова Мария Ивановна
DCT0098,Баранов Пётр Иванович
DCT0099,Осипова Мария Ивановна
DCT0100,Иванов Александр Иванович
DCT0101,Петрова Екатерина Ивановна
DCT0102,Сидоров Александр Иванович
DCT0103,Кузнецова Екатерина Ивановна
DCT0104,Смирнов Александр Иванович
DCT0105,Попова Екатерина Ивановна
DCT0106,Соколов Александр Иванович
DCT0107,Лебедева Екатерина Ивановна
DCT0108,Козлов Александр Иванович
DCT0109,Новикова Екатерина Ивановна
DCT0110,Морозов Александр Иванович
DCT0111,Егорова Екатерина Ивановна
DCT0112,Волков Александр Иванович
DCT0113,Фёдорова Екатерина Ивановна
DCT0114,Михайлов Александр Иванович
DCT0115,Белова Екатерина Ивановна
DCT0116,Тарасов Александр Иванович
DCT0117,Орлова Екатерина Ивановна
DCT0118,Киселёв Александр Иванович
DCT0119,Макарова Екатерина Ивановна
DCT0120,Зайцев Александр Иванович
DCT0121,Павлова Екатерина Ивановна
DCT0122,Семёнов Александр Иванович
DCT0123,Голубева Екатерина Ивановна
DCT0124,Виноградов Александр Иванович
DCT0125,Богданова Екатерина Ивановна
DCT0126,Воробьёв Александр Иванович
DCT0127,Фомина Екатерина Ивановна
DCT0128,Денисов Александр Иванович
DCT0129,Никитина Екатерина Ивановна
DCT0130,Сергееев Александр Иванович
DCT0131,Захарова Екатерина Ивановна
DCT0132,Борисов Александр Иванович
DCT0133,Королёва Екатерина Ивановна
DCT0134,Григорьев Александр Иванович
DCT0135,Яковлева Екатерина Ивановна
DCT0136,Калинин Александр Иванович
DCT0137,Чернова Екатерина Ивановна
DCT0138,Жуков Александр Иванович
DCT0139,Фролова Екатерина Ивановна
DCT0140,Алексеев Александр Иванович
DCT0141,Антонова Екатерина Ивановна
DCT0142,Комаров Александр Иванович
DCT0143,Савельева Екатерина Ивановна
DCT0144,Сорокин Александр Иванович
DCT0145,Емельянова Екатерина Ивановна
DCT0146,Громов Александр Иванович
DCT0147,Карпова Екатерина Ивановна
DCT0148,Баранов Александр Иванович
DCT0149,Осипова Екатерина Ивановна
DCT0150,Иванов Дмитрий Иванович
DCT0151,Петрова Алиса Ивановна
DCT0152,Сидоров Дмитрий Иванович
DCT0153,Кузнецова Алиса Ивановна
DCT0154,Смирнов Дмитрий Иванович
DCT0155,Попова Алиса Ивановна
DCT0156,Соколов Дмитрий Иванович
DCT0157,Лебедева Алиса Ивановна
DCT0158,Козлов Дмитрий Иванович
DCT0159,Новикова Алиса Ивановна
DCT0160,Морозов Дмитрий Иванович
DCT0161,Егорова Алиса Ивановна
DCT0162,Волков Дмитрий Иванович
DCT0163,Фёдорова Алиса Ивановна
DCT0164,Михайлов Дмитрий Иванович
DCT0165,Белова Алиса Ивановна
DCT0166,Тарасов Дмитрий Иванович
DCT0167,Орлова Алиса Ивановна
DCT0168,Киселёв Дмитрий Иванович
DCT0169,Макарова Алиса Ивановна
DCT0170,Зайцев Дмитрий Иванович
DCT0171,Павлова Алиса Ивановна
DCT0172,Семёнов Дмитрий Иванович
DCT0173,Голубева Алиса Ивановна
DCT0174,Виноградов Дмитрий Иванович
DCT0175,Богданова Алиса Ивановна
DCT0176,Воробьёв Дмитрий Иванович
DCT0177,Фомина Алиса Ивановна
DCT0178,Денисов Дмитрий Иванович
DCT0179,Никитина Алиса Ивановна
DCT0180,Сергееев Дмитрий Иванович
DCT0181,Захарова Алиса Ивановна
DCT0182,Борисов Дмитрий Иванович
DCT0183,Королёва Алиса Ивановна
DCT0184,Григорьев Дмитрий Иванович
DCT0185,Яковлева Алиса Ивановна
DCT0186,Калинин Дмитрий Иванович
DCT0187,Чернова Алиса Ивановна
DCT0188,Жуков Дмитрий Иванович
DCT0189,Фролова Алиса Ивановна
DCT0190,Алексеев Дмитрий Иванович
DCT0191,Антонова Алиса Ивановна
DCT0192,Комаров Дмитрий Иванович
DCT0193,Савельева Алиса Ивановна
DCT0194,Сорокин Дмитрий Иванович
DCT0195,Емельянова Алиса Ивановна
DCT0196,Громов Дмитрий Иванович
DCT0197,Карпова Алиса Ивановна
DCT0198,Баранов Дмитрий Иванович
DCT0199,Осипова Алиса Ивановна
DCT0200,Иванов Максим Иванович
DCT0201,Петрова Полина Ивановна
DCT0202,Сидоров Максим Иванович
DCT0203,Кузнецова Полина Ивановна
DCT0204,Смирнов Максим Иванович
DCT0205,Попова Полина Ивановна
DCT0206,Соколов Максим Иванович
DCT0207,Лебедева Полина Ивановна
DCT0208,Козлов Максим Иванович
DCT0209,Новикова Полина Ивановна
DCT0210,Морозов Максим Иванович
DCT0211,Егорова Полина Ивановна
DCT0212,Волков Максим Иванович
DCT0213,Фёдорова Полина Ивановна
DCT0214,Михайлов Максим Иванович
DCT0215,Белова Полина Ивановна
DCT0216,Тарасов Максим Иванович
DCT0217,Орлова Полина Ивановна
DCT0218,Киселёв Максим Иванович
DCT0219,Макарова Полина Ивановна
DCT0220,Зайцев Максим Иванович
DCT0221,Павлова Полина Ивановна
DCT0222,Семёнов Максим Иванович
DCT0223,Голубева Полина Ивановна
DCT0224,Виноградов Максим Иванович
DCT0225,Богданова Полина Ивановна
DCT0226,Воробьёв Максим Иванович
DCT0227,Фомина Полина Ивановна
DCT0228,Денисов Максим Иванович
DCT0229,Никитина Полина Ивановна
DCT0230,Сергееев Максим Иванович
DCT0231,Захарова Полина Ивановна
DCT0232,Борисов Максим Иванович
DCT0233,Королёва Полина Ивановна
DCT0234,Григорьев Максим Иванович
DCT0235,Яковлева Полина Ивановна
DCT0236,Калинин Максим Иванович
DCT0237,Чернова Полина Ивановна
DCT0238,Жуков Максим Иванович
DCT0239,Фролова Полина Ивановна
DCT0240,Алексеев Максим Иванович
DCT0241,Антонова Полина Ивановна
DCT0242,Комаров Максим Иванович
DCT0243,Савельева Полина Ивановна
DCT0244,Сорокин Максим Иванович
DCT0245,Емельянова Полина Ивановна
DCT0246,Громов Максим Иванович
DCT0247,Карпова Полина Ивановна
DCT0248,Баранов Максим Иванович
DCT0249,Осипова Полина Ивановна
DCT0250,Иванов Никита Иванович
DCT0251,Петрова София Ивановна
DCT0252,Сидоров Никита Иванович
DCT0253,Кузнецова София Ивановна
DCT0254,Смирнов Никита Иванович
DCT0255,Попова София Ивановна
DCT0256,Соколов Никита Иванович
DCT0257,Лебедева София Ивановна
DCT0258,Козлов Никита Иванович
DCT0259,Новикова София Ивановна
DCT0260,Морозов Никита Иванович
DCT0261,Егорова София Ивановна
DCT0262,Волков Никита Иванович
DCT0263,Фёдорова София Ивановна
DCT0264,Михайлов Никита Иванович
DCT0265,Белова София Ивановна
DCT0266,Тарасов Никита Иванович
DCT0267,Орлова София Ивановна
DCT0268,Киселёв Никита Иванович
DCT0269,Макарова София Ивановна
DCT0270,Зайцев Никита Иванович
DCT0271,Павлова София Ивановна
DCT0272,Семёнов Никита Иванович
DCT0273,Голубева София Ивановна
DCT0274,Виноградов Никита Иванович
DCT0275,Богданова София Ивановна
DCT0276,Воробьёв Никита Иванович
DCT0277,Фомина София Ивановна
DCT0278,Денисов Никита Иванович
DCT0279,Никитина София Ивановна
DCT0280,Сергееев Никита Иванович
DCT0281,Захарова София Ивановна
DCT0282,Борисов Никита Иванович
DCT0283,Королёва София Ивановна
DCT0284,Григорьев Никита Иванович
DCT0285,Яковлева София Ивановна
DCT0286,Калинин Никита Иванович
DCT0287,Чернова София Ивановна
DCT0288,Жуков Никита Иванович
DCT0289,Фролова София Ивановна
DCT0290,Алексеев Никита Иванович
DCT0291,Антонова София Ивановна
DCT0292,Комаров Никита Иванович
DCT0293,Савельева София Ивановна
DCT0294,Сорокин Никита Иванович
DCT0295,Емельянова София Ивановна
DCT0296,Громов Никита Иванович
DCT0297,Карпова София Ивановна
DCT0298,Баранов Никита Иванович
DCT0299,Осипова София Ивановна
DCT0300,Иванов Андрей Иванович
