login,email,role,teacherId,studentId,password
admin,admin@g.nsu.ru,ADMIN,,,admin123
t1,t1@g.nsu.ru,TEACHER,DCT0001,,teacher123
t2,t2@g.nsu.ru,TEACHER,DCT0002,,teacher123
t3,t3@g.nsu.ru,TEACHER,DCT0003,,teacher123
t4,t4@g.nsu.ru,TEACHER,DCT0004,,teacher123
t5,t5@g.nsu.ru,TEACHER,DCT0005,,teacher123
t6,t6@g.nsu.ru,TEACHER,DCT0006,,teacher123
t7,t7@g.nsu.ru,TEACHER,DCT0007,,teacher123
t8,t8@g.nsu.ru,TEACHER,DCT0008,,teacher123
t9,t9@g.nsu.ru,TEACHER,DCT0009,,teacher123
ta,ta@g.nsu.ru,TEACHER,DCT0010,,teacher123
tb,tb@g.nsu.ru,TEACHER,DCT0011,,teacher123
tc,tc@g.nsu.ru,TEACHER,DCT0012,,teacher123
td,td@g.nsu.ru,TEACHER,DCT0013,,teacher123
te,te@g.nsu.ru,TEACHER,DCT0014,,teacher123
tf,tf@g.nsu.ru,TEACHER,DCT0015,,teacher123
tg,tg@g.nsu.ru,TEACHER,DCT0016,,teacher123
th,th@g.nsu.ru,TEACHER,DCT0017,,teacher123
ti,ti@g.nsu.ru,TEACHER,DCT0018,,teacher123
tj,tj@g.nsu.ru,TEACHER,DCT0019,,teacher123
tk,tk@g.nsu.ru,TEACHER,DCT0020,,teacher123
tl,tl@g.nsu.ru,TEACHER,DCT0021,,teacher123
tm,tm@g.nsu.ru,TEACHER,DCT0022,,teacher123
tn,tn@g.nsu.ru,TEACHER,DCT0023,,teacher123
to,to@g.nsu.ru,TEACHER,DCT0024,,teacher123
tp,tp@g.nsu.ru,TEACHER,DCT0025,,teacher123
tq,tq@g.nsu.ru,TEACHER,DCT0026,,teacher123
tr,tr@g.nsu.ru,TEACHER,DCT0027,,teacher123
ts,ts@g.nsu.ru,TEACHER,DCT0028,,teacher123
tt,tt@g.nsu.ru,TEACHER,DCT0029,,teacher123
tu,tu@g.nsu.ru,TEACHER,DCT0030,,teacher123
tv,tv@g.nsu.ru,TEACHER,DCT0031,,teacher123
tw,tw@g.nsu.ru,TEACHER,DCT0032,,teacher123
tx,tx@g.nsu.ru,TEACHER,DCT0033,,teacher123
ty,ty@g.nsu.ru,TEACHER,DCT0034,,teacher123
tz,tz@g.nsu.ru,TEACHER,DCT0035,,teacher123
t10,t10@g.nsu.ru,TEACHER,DCT0036,,teacher123
t11,t11@g.nsu.ru,TEACHER,DCT0037,,teacher123
t12,t12@g.nsu.ru,TEACHER,DCT0038,,teacher123
t13,t13@g.nsu.ru,TEACHER,DCT0039,,teacher123
t14,t14@g.nsu.ru,TEACHER,DCT0040,,teacher123
t15,t15@g.nsu.ru,TEACHER,DCT0041,,teacher123
t16,t16@g.nsu.ru,TEACHER,DCT0042,,teacher123
t17,t17@g.nsu.ru,TEACHER,DCT0043,,teacher123
t18,t18@g.nsu.ru,TEACHER,DCT0044,,teacher123
t19,t19@g.nsu.ru,TEACHER,DCT0045,,teacher123
t1a,t1a@g.nsu.ru,TEACHER,DCT0046,,teacher123
t1b,t1b@g.nsu.ru,TEACHER,DCT0047,,teacher123
t1c,t1c@g.nsu.ru,TEACHER,DCT0048,,teacher123
t1d,t1d@g.nsu.ru,TEACHER,DCT0049,,teacher123
t1e,t1e@g.nsu.ru,TEACHER,DCT0050,,teacher123
t1f,t1f@g.nsu.ru,TEACHER,DCT0051,,teacher123
t1g,t1g@g.nsu.ru,TEACHER,DCT0052,,teacher123
t1h,t1h@g.nsu.ru,TEACHER,DCT0053,,teacher123
t1i,t1i@g.nsu.ru,TEACHER,DCT0054,,teacher123
t1j,t1j@g.nsu.ru,TEACHER,DCT0055,,teacher123
t1k,t1k@g.nsu.ru,TEACHER,DCT0056,,teacher123
t1l,t1l@g.nsu.ru,TEACHER,DCT0057,,teacher123
t1m,t1m@g.nsu.ru,TEACHER,DCT0058,,teacher123
t1n,t1n@g.nsu.ru,TEACHER,DCT0059,,teacher123
t1o,t1o@g.nsu.ru,TEACHER,DCT0060,,teacher123
t1p,t1p@g.nsu.ru,TEACHER,DCT0061,,teacher123
t1q,t1q@g.nsu.ru,TEACHER,DCT0062,,teacher123
t1r,t1r@g.nsu.ru,TEACHER,DCT0063,,teacher123
t1s,t1s@g.nsu.ru,TEACHER,DCT0064,,teacher123
t1t,t1t@g.nsu.ru,TEACHER,DCT0065,,teacher123
t1u,t1u@g.nsu.ru,TEACHER,DCT0066,,teacher123
t1v,t1v@g.nsu.ru,TEACHER,DCT0067,,teacher123
t1w,t1w@g.nsu.ru,TEACHER,DCT0068,,teacher123
t1x,t1x@g.nsu.ru,TEACHER,DCT0069,,teacher123
t1y,t1y@g.nsu.ru,TEACHER,DCT0070,,teacher123
t1z,t1z@g.nsu.ru,TEACHER,DCT0071,,teacher123
t20,t20@g.nsu.ru,TEACHER,DCT0072,,teacher123
t21,t21@g.nsu.ru,TEACHER,DCT0073,,teacher123
t22,t22@g.nsu.ru,TEACHER,DCT0074,,teacher123
t23,t23@g.nsu.ru,TEACHER,DCT0075,,teacher123
t24,t24@g.nsu.ru,TEACHER,DCT0076,,teacher123
t25,t25@g.nsu.ru,TEACHER,DCT0077,,teacher123
t26,t26@g.nsu.ru,TEACHER,DCT0078,,teacher123
t27,t27@g.nsu.ru,TEACHER,DCT0079,,teacher123
t28,t28@g.nsu.ru,TEACHER,DCT0080,,teacher123
t29,t29@g.nsu.ru,TEACHER,DCT0081,,teacher123
t2a,t2a@g.nsu.ru,TEACHER,DCT0082,,teacher123
t2b,t2b@g.nsu.ru,TEACHER,DCT0083,,teacher123
t2c,t2c@g.nsu.ru,TEACHER,DCT0084,,teacher123
t2d,t2d@g.nsu.ru,TEACHER,DCT0085,,teacher123
t2e,t2e@g.nsu.ru,TEACHER,DCT0086,,teacher123
t2f,t2f@g.nsu.ru,TEACHER,DCT0087,,teacher123
t2g,t2g@g.nsu.ru,TEACHER,DCT0088,,teacher123
t2h,t2h@g.nsu.ru,TEACHER,DCT0089,,teacher123
t2i,t2i@g.nsu.ru,TEACHER,DCT0090,,teacher123
t2j,t2j@g.nsu.ru,TEACHER,DCT0091,,teacher123
t2k,t2k@g.nsu.ru,TEACHER,DCT0092,,teacher123
t2l,t2l@g.nsu.ru,TEACHER,DCT0093,,teacher123
t2m,t2m@g.nsu.ru,TEACHER,DCT0094,,teacher123
t2n,t2n@g.nsu.ru,TEACHER,DCT0095,,teacher123
t2o,t2o@g.nsu.ru,TEACHER,DCT0096,,teacher123
t2p,t2p@g.nsu.ru,TEACHER,DCT0097,,teacher123
t2q,t2q@g.nsu.ru,TEACHER,DCT0098,,teacher123
t2r,t2r@g.nsu.ru,TEACHER,DCT0099,,teacher123
t2s,t2s@g.nsu.ru,TEACHER,DCT0100,,teacher123
t2t,t2t@g.nsu.ru,TEACHER,DCT0101,,teacher123
t2u,t2u@g.nsu.ru,TEACHER,DCT0102,,teacher123
t2v,t2v@g.nsu.ru,TEACHER,DCT0103,,teacher123
t2w,t2w@g.nsu.ru,TEACHER,DCT0104,,teacher123
t2x,t2x@g.nsu.ru,TEACHER,DCT0105,,teacher123
t2y,t2y@g.nsu.ru,TEACHER,DCT0106,,teacher123
t2z,t2z@g.nsu.ru,TEACHER,DCT0107,,teacher123
t30,t30@g.nsu.ru,TEACHER,DCT0108,,teacher123
t31,t31@g.nsu.ru,TEACHER,DCT0109,,teacher123
t32,t32@g.nsu.ru,TEACHER,DCT0110,,teacher123
t33,t33@g.nsu.ru,TEACHER,DCT0111,,teacher123
t34,t34@g.nsu.ru,TEACHER,DCT0112,,teacher123
t35,t35@g.nsu.ru,TEACHER,DCT0113,,teacher123
t36,t36@g.nsu.ru,TEACHER,DCT0114,,teacher123
t37,t37@g.nsu.ru,TEACHER,DCT0115,,teacher123
t38,t38@g.nsu.ru,TEACHER,DCT0116,,teacher123
t39,t39@g.nsu.ru,TEACHER,DCT0117,,teacher123
t3a,t3a@g.nsu.ru,TEACHER,DCT0118,,teacher123
t3b,t3b@g.nsu.ru,TEACHER,DCT0119,,teacher123
t3c,t3c@g.nsu.ru,TEACHER,DCT0120,,teacher123
t3d,t3d@g.nsu.ru,TEACHER,DCT0121,,teacher123
t3e,t3e@g.nsu.ru,TEACHER,DCT0122,,teacher123
t3f,t3f@g.nsu.ru,TEACHER,DCT0123,,teacher123
t3g,t3g@g.nsu.ru,TEACHER,DCT0124,,teacher123
t3h,t3h@g.nsu.ru,TEACHER,DCT0125,,teacher123
t3i,t3i@g.nsu.ru,TEACHER,DCT0126,,teacher123
t3j,t3j@g.nsu.ru,TEACHER,DCT0127,,teacher123
t3k,t3k@g.nsu.ru,TEACHER,DCT0128,,teacher123
t3l,t3l@g.nsu.ru,TEACHER,DCT0129,,teacher123
t3m,t3m@g.nsu.ru,TEACHER,DCT0130,,teacher123
t3n,t3n@g.nsu.ru,TEACHER,DCT0131,,teacher123
t3o,t3o@g.nsu.ru,TEACHER,DCT0132,,teacher123
t3p,t3p@g.nsu.ru,TEACHER,DCT0133,,teacher123
t3q,t3q@g.nsu.ru,TEACHER,DCT0134,,teacher123
t3r,t3r@g.nsu.ru,TEACHER,DCT0135,,teacher123
t3s,t3s@g.nsu.ru,TEACHER,DCT0136,,teacher123
t3t,t3t@g.nsu.ru,TEACHER,DCT0137,,teacher123
t3u,t3u@g.nsu.ru,TEACHER,DCT0138,,teacher123
t3v,t3v@g.nsu.ru,TEACHER,DCT0139,,teacher123
t3w,t3w@g.nsu.ru,TEACHER,DCT0140,,teacher123
t3x,t3x@g.nsu.ru,TEACHER,DCT0141,,teacher123
t3y,t3y@g.nsu.ru,TEACHER,DCT0142,,teacher123
t3z,t3z@g.nsu.ru,TEACHER,DCT0143,,teacher123
t40,t40@g.nsu.ru,TEACHER,DCT0144,,teacher123
t41,t41@g.nsu.ru,TEACHER,DCT0145,,teacher123
t42,t42@g.nsu.ru,TEACHER,DCT0146,,teacher123
t43,t43@g.nsu.ru,TEACHER,DCT0147,,teacher123
t44,t44@g.nsu.ru,TEACHER,DCT0148,,teacher123
t45,t45@g.nsu.ru,TEACHER,DCT0149,,teacher123
t46,t46@g.nsu.ru,TEACHER,DCT0150,,teacher123
t47,t47@g.nsu.ru,TEACHER,DCT0151,,teacher123
t48,t48@g.nsu.ru,TEACHER,DCT0152,,teacher123
t49,t49@g.nsu.ru,TEACHER,DCT0153,,teacher123
t4a,t4a@g.nsu.ru,TEACHER,DCT0154,,teacher123
t4b,t4b@g.nsu.ru,TEACHER,DCT0155,,teacher123
t4c,t4c@g.nsu.ru,TEACHER,DCT0156,,teacher123
t4d,t4d@g.nsu.ru,TEACHER,DCT0157,,teacher123
t4e,t4e@g.nsu.ru,TEACHER,DCT0158,,teacher123
t4f,t4f@g.nsu.ru,TEACHER,DCT0159,,teacher123
t4g,t4g@g.nsu.ru,TEACHER,DCT0160,,teacher123
t4h,t4h@g.nsu.ru,TEACHER,DCT0161,,teacher123
t4i,t4i@g.nsu.ru,TEACHER,DCT0162,,teacher123
t4j,t4j@g.nsu.ru,TEACHER,DCT0163,,teacher123
t4k,t4k@g.nsu.ru,TEACHER,DCT0164,,teacher123
t4l,t4l@g.nsu.ru,TEACHER,DCT0165,,teacher123
t4m,t4m@g.nsu.ru,TEACHER,DCT0166,,teacher123
t4n,t4n@g.nsu.ru,TEACHER,DCT0167,,teacher123
t4o,t4o@g.nsu.ru,TEACHER,DCT0168,,teacher123
t4p,t4p@g.nsu.ru,TEACHER,DCT0169,,teacher123
t4q,t4q@g.nsu.ru,TEACHER,DCT0170,,teacher123
t4r,t4r@g.nsu.ru,TEACHER,DCT0171,,teacher123
t4s,t4s@g.nsu.ru,TEACHER,DCT0172,,teacher123
t4t,t4t@g.nsu.ru,TEACHER,DCT0173,,teacher123
t4u,t4u@g.nsu.ru,TEACHER,DCT0174,,teacher123
t4v,t4v@g.nsu.ru,TEACHER,DCT0175,,teacher123
t4w,t4w@g.nsu.ru,TEACHER,DCT0176,,teacher123
t4x,t4x@g.nsu.ru,TEACHER,DCT0177,,teacher123
t4y,t4y@g.nsu.ru,TEACHER,DCT0178,,teacher123
t4z,t4z@g.nsu.ru,TEACHER,DCT0179,,teacher123
t50,t50@g.nsu.ru,TEACHER,DCT0180,,teacher123
t51,t51@g.nsu.ru,TEACHER,DCT0181,,teacher123
t52,t52@g.nsu.ru,TEACHER,DCT0182,,teacher123
t53,t53@g.nsu.ru,TEACHER,DCT0183,,teacher123
t54,t54@g.nsu.ru,TEACHER,DCT0184,,teacher123
t55,t55@g.nsu.ru,TEACHER,DCT0185,,teacher123
t56,t56@g.nsu.ru,TEACHER,DCT0186,,teacher123
t57,t57@g.nsu.ru,TEACHER,DCT0187,,teacher123
t58,t58@g.nsu.ru,TEACHER,DCT0188,,teacher123
t59,t59@g.nsu.ru,TEACHER,DCT0189,,teacher123
t5a,t5a@g.nsu.ru,TEACHER,DCT0190,,teacher123
t5b,t5b@g.nsu.ru,TEACHER,DCT0191,,teacher123
t5c,t5c@g.nsu.ru,TEACHER,DCT0192,,teacher123
t5d,t5d@g.nsu.ru,TEACHER,DCT0193,,teacher123
t5e,t5e@g.nsu.ru,TEACHER,DCT0194,,teacher123
t5f,t5f@g.nsu.ru,TEACHER,DCT0195,,teacher123
t5g,t5g@g.nsu.ru,TEACHER,DCT0196,,teacher123
t5h,t5h@g.nsu.ru,TEACHER,DCT0197,,teacher123
t5i,t5i@g.nsu.ru,TEACHER,DCT0198,,teacher123
t5j,t5j@g.nsu.ru,TEACHER,DCT0199,,teacher123
t5k,t5k@g.nsu.ru,TEACHER,DCT0200,,teacher123
t5l,t5l@g.nsu.ru,TEACHER,DCT0201,,teacher123
t5m,t5m@g.nsu.ru,TEACHER,DCT0202,,teacher123
t5n,t5n@g.nsu.ru,TEACHER,DCT0203,,teacher123
t5o,t5o@g.nsu.ru,TEACHER,DCT0204,,teacher123
t5p,t5p@g.nsu.ru,TEACHER,DCT0205,,teacher123
t5q,t5q@g.nsu.ru,TEACHER,DCT0206,,teacher123
t5r,t5r@g.nsu.ru,TEACHER,DCT0207,,teacher123
t5s,t5s@g.nsu.ru,TEACHER,DCT0208,,teacher123
t5t,t5t@g.nsu.ru,TEACHER,DCT0209,,teacher123
t5u,t5u@g.nsu.ru,TEACHER,DCT0210,,teacher123
t5v,t5v@g.nsu.ru,TEACHER,DCT0211,,teacher123
t5w,t5w@g.nsu.ru,TEACHER,DCT0212,,teacher123
t5x,t5x@g.nsu.ru,TEACHER,DCT0213,,teacher123
t5y,t5y@g.nsu.ru,TEACHER,DCT0214,,teacher123
t5z,t5z@g.nsu.ru,TEACHER,DCT0215,,teacher123
t60,t60@g.nsu.ru,TEACHER,DCT0216,,teacher123
t61,t61@g.nsu.ru,TEACHER,DCT0217,,teacher123
t62,t62@g.nsu.ru,TEACHER,DCT0218,,teacher123
t63,t63@g.nsu.ru,TEACHER,DCT0219,,teacher123
t64,t64@g.nsu.ru,TEACHER,DCT0220,,teacher123
t65,t65@g.nsu.ru,TEACHER,DCT0221,,teacher123
t66,t66@g.nsu.ru,TEACHER,DCT0222,,teacher123
t67,t67@g.nsu.ru,TEACHER,DCT0223,,teacher123
t68,t68@g.nsu.ru,TEACHER,DCT0224,,teacher123
t69,t69@g.nsu.ru,TEACHER,DCT0225,,teacher123
t6a,t6a@g.nsu.ru,TEACHER,DCT0226,,teacher123
t6b,t6b@g.nsu.ru,TEACHER,DCT0227,,teacher123
t6c,t6c@g.nsu.ru,TEACHER,DCT0228,,teacher123
t6d,t6d@g.nsu.ru,TEACHER,DCT0229,,teacher123
t6e,t6e@g.nsu.ru,TEACHER,DCT0230,,teacher123
t6f,t6f@g.nsu.ru,TEACHER,DCT0231,,teacher123
t6g,t6g@g.nsu.ru,TEACHER,DCT0232,,teacher123
t6h,t6h@g.nsu.ru,TEACHER,DCT0233,,teacher123
t6i,t6i@g.nsu.ru,TEACHER,DCT0234,,teacher123
t6j,t6j@g.nsu.ru,TEACHER,DCT0235,,teacher123
t6k,t6k@g.nsu.ru,TEACHER,DCT0236,,teacher123
t6l,t6l@g.nsu.ru,TEACHER,DCT0237,,teacher123
t6m,t6m@g.nsu.ru,TEACHER,DCT0238,,teacher123
t6n,t6n@g.nsu.ru,TEACHER,DCT0239,,teacher123
t6o,t6o@g.nsu.ru,TEACHER,DCT0240,,teacher123
t6p,t6p@g.nsu.ru,TEACHER,DCT0241,,teacher123
t6q,t6q@g.nsu.ru,TEACHER,DCT0242,,teacher123
t6r,t6r@g.nsu.ru,TEACHER,DCT0243,,teacher123
t6s,t6s@g.nsu.ru,TEACHER,DCT0244,,teacher123
t6t,t6t@g.nsu.ru,TEACHER,DCT0245,,teacher123
t6u,t6u@g.nsu.ru,TEACHER,DCT0246,,teacher123
t6v,t6v@g.nsu.ru,TEACHER,DCT0247,,teacher123
t6w,t6w@g.nsu.ru,TEACHER,DCT0248,,teacher123
t6x,t6x@g.nsu.ru,TEACHER,DCT0249,,teacher123
t6y,t6y@g.nsu.ru,TEACHER,DCT0250,,teacher123
t6z,t6z@g.nsu.ru,TEACHER,DCT0251,,teacher123
t70,t70@g.nsu.ru,TEACHER,DCT0252,,teacher123
t71,t71@g.nsu.ru,TEACHER,DCT0253,,teacher123
t72,t72@g.nsu.ru,TEACHER,DCT0254,,teacher123
t73,t73@g.nsu.ru,TEACHER,DCT0255,,teacher123
t74,t74@g.nsu.ru,TEACHER,DCT0256,,teacher123
t75,t75@g.nsu.ru,TEACHER,DCT0257,,teacher123
t76,t76@g.nsu.ru,TEACHER,DCT0258,,teacher123
t77,t77@g.nsu.ru,TEACHER,DCT0259,,teacher123
t78,t78@g.nsu.ru,TEACHER,DCT0260,,teacher123
t79,t79@g.nsu.ru,TEACHER,DCT0261,,teacher123
t7a,t7a@g.nsu.ru,TEACHER,DCT0262,,teacher123
t7b,t7b@g.nsu.ru,TEACHER,DCT0263,,teacher123
t7c,t7c@g.nsu.ru,TEACHER,DCT0264,,teacher123
t7d,t7d@g.nsu.ru,TEACHER,DCT0265,,teacher123
t7e,t7e@g.nsu.ru,TEACHER,DCT0266,,teacher123
t7f,t7f@g.nsu.ru,TEACHER,DCT0267,,teacher123
t7g,t7g@g.nsu.ru,TEACHER,DCT0268,,teacher123
t7h,t7h@g.nsu.ru,TEACHER,DCT0269,,teacher123
t7i,t7i@g.nsu.ru,TEACHER,DCT0270,,teacher123
t7j,t7j@g.nsu.ru,TEACHER,DCT0271,,teacher123
t7k,t7k@g.nsu.ru,TEACHER,DCT0272,,teacher123
t7l,t7l@g.nsu.ru,TEACHER,DCT0273,,teacher123
t7m,t7m@g.nsu.ru,TEACHER,DCT0274,,teacher123
t7n,t7n@g.nsu.ru,TEACHER,DCT0275,,teacher123
t7o,t7o@g.nsu.ru,TEACHER,DCT0276,,teacher123
t7p,t7p@g.nsu.ru,TEACHER,DCT0277,,teacher123
t7q,t7q@g.nsu.ru,TEACHER,DCT0278,,teacher123
t7r,t7r@g.nsu.ru,TEACHER,DCT0279,,teacher123
t7s,t7s@g.nsu.ru,TEACHER,DCT0280,,teacher123
t7t,t7t@g.nsu.ru,TEACHER,DCT0281,,teacher123
t7u,t7u@g.nsu.ru,TEACHER,DCT0282,,teacher123
t7v,t7v@g.nsu.ru,TEACHER,DCT0283,,teacher123
t7w,t7w@g.nsu.ru,TEACHER,DCT0284,,teacher123
t7x,t7x@g.nsu.ru,TEACHER,DCT0285,,teacher123
t7y,t7y@g.nsu.ru,TEACHER,DCT0286,,teacher123
t7z,t7z@g.nsu.ru,TEACHER,DCT0287,,teacher123
t80,t80@g.nsu.ru,TEACHER,DCT0288,,teacher123
t81,t81@g.nsu.ru,TEACHER,DCT0289,,teacher123
t82,t82@g.nsu.ru,TEACHER,DCT0290,,teacher123
t83,t83@g.nsu.ru,TEACHER,DCT0291,,teacher123
t84,t84@g.nsu.ru,TEACHER,DCT0292,,teacher123
t85,t85@g.nsu.ru,TEACHER,DCT0293,,teacher123
t86,t86@g.nsu.ru,TEACHER,DCT0294,,teacher123
t87,t87@g.nsu.ru,TEACHER,DCT0295,,teacher123
t88,t88@g.nsu.ru,TEACHER,DCT0296,,teacher123
t89,t89@g.nsu.ru,TEACHER,DCT0297,,teacher123
t8a,t8a@g.nsu.ru,TEACHER,DCT0298,,teacher123
t8b,t8b@g.nsu.ru,TEACHER,DCT0299,,teacher123
t8c,t8c@g.nsu.ru,TEACHER,DCT0300,,teacher123
s1,s1@g.nsu.ru,STUDENT,,DCS0001,student123
s2,s2@g.nsu.ru,STUDENT,,DCS0002,student123
s3,s3@g.nsu.ru,STUDENT,,DCS0003,student123
s4,s4@g.nsu.ru,STUDENT,,DCS0004,student123
s5,s5@g.nsu.ru,STUDENT,,DCS0005,student123
s6,s6@g.nsu.ru,STUDENT,,DCS0006,student123
s7,s7@g.nsu.ru,STUDENT,,DCS0007,student123
s8,s8@g.nsu.ru,STUDENT,,DCS0008,student123
s9,s9@g.nsu.ru,STUDENT,,DCS0009,student123
sa,sa@g.nsu.ru,STUDENT,,DCS0010,student123
sb,sb@g.nsu.ru,STUDENT,,DCS0011,student123
sc,sc@g.nsu.ru,STUDENT,,DCS0012,student123
sd,sd@g.nsu.ru,STUDENT,,DCS0013,student123
se,se@g.nsu.ru,STUDENT,,DCS0014,student123
sf,sf@g.nsu.ru,STUDENT,,DCS0015,student123
sg,sg@g.nsu.ru,STUDENT,,DCS0016,student123
sh,sh@g.nsu.ru,STUDENT,,DCS0017,student123
si,si@g.nsu.ru,STUDENT,,DCS0018,student123
sj,sj@g.nsu.ru,STUDENT,,DCS0019,student123
sk,sk@g.nsu.ru,STUDENT,,DCS0020,student123
sl,sl@g.nsu.ru,STUDENT,,DCS0021,student123
sm,sm@g.nsu.ru,STUDENT,,DCS0022,student123
sn,sn@g.nsu.ru,STUDENT,,DCS0023,student123
so,so@g.nsu.ru,STUDENT,,DCS0024,student123
sp,sp@g.nsu.ru,STUDENT,,DCS0025,student123
sq,sq@g.nsu.ru,STUDENT,,DCS0026,student123
sr,sr@g.nsu.ru,STUDENT,,DCS0027,student123
ss,ss@g.nsu.ru,STUDENT,,DCS0028,student123
st,st@g.nsu.ru,STUDENT,,DCS0029,student123
su,su@g.nsu.ru,STUDENT,,DCS0030,student123
sv,sv@g.nsu.ru,STUDENT,,DCS0031,student123
sw,sw@g.nsu.ru,STUDENT,,DCS0032,student123
sx,sx@g.nsu.ru,STUDENT,,DCS0033,student123
sy,sy@g.nsu.ru,STUDENT,,DCS0034,student123
sz,sz@g.nsu.ru,STUDENT,,DCS0035,student123
s10,s10@g.nsu.ru,STUDENT,,DCS0036,student123
s11,s11@g.nsu.ru,STUDENT,,DCS0037,student123
s12,s12@g.nsu.ru,STUDENT,,DCS0038,student123
s13,s13@g.nsu.ru,STUDENT,,DCS0039,student123
s14,s14@g.nsu.ru,STUDENT,,DCS0040,student123
s15,s15@g.nsu.ru,STUDENT,,DCS0041,student123
s16,s16@g.nsu.ru,STUDENT,,DCS0042,student123
s17,s17@g.nsu.ru,STUDENT,,DCS0043,student123
s18,s18@g.nsu.ru,STUDENT,,DCS0044,student123
s19,s19@g.nsu.ru,STUDENT,,DCS0045,student123
s1a,s1a@g.nsu.ru,STUDENT,,DCS0046,student123
s1b,s1b@g.nsu.ru,STUDENT,,DCS0047,student123
s1c,s1c@g.nsu.ru,STUDENT,,DCS0048,student123
s1d,s1d@g.nsu.ru,STUDENT,,DCS0049,student123
s1e,s1e@g.nsu.ru,STUDENT,,DCS0050,student123
s1f,s1f@g.nsu.ru,STUDENT,,DCS0051,student123
s1g,s1g@g.nsu.ru,STUDENT,,DCS0052,student123
s1h,s1h@g.nsu.ru,STUDENT,,DCS0053,student123
s1i,s1i@g.nsu.ru,STUDENT,,DCS0054,student123
s1j,s1j@g.nsu.ru,STUDENT,,DCS0055,student123
s1k,s1k@g.nsu.ru,STUDENT,,DCS0056,student123
s1l,s1l@g.nsu.ru,STUDENT,,DCS0057,student123
s1m,s1m@g.nsu.ru,STUDENT,,DCS0058,student123
s1n,s1n@g.nsu.ru,STUDENT,,DCS0059,student123
s1o,s1o@g.nsu.ru,STUDENT,,DCS0060,student123
s1p,s1p@g.nsu.ru,STUDENT,,DCS0061,student123
s1q,s1q@g.nsu.ru,STUDENT,,DCS0062,student123
s1r,s1r@g.nsu.ru,STUDENT,,DCS0063,student123
s1s,s1s@g.nsu.ru,STUDENT,,DCS0064,student123
s1t,s1t@g.nsu.ru,STUDENT,,DCS0065,student123
s1u,s1u@g.nsu.ru,STUDENT,,DCS0066,student123
s1v,s1v@g.nsu.ru,STUDENT,,DCS0067,student123
s1w,s1w@g.nsu.ru,STUDENT,,DCS0068,student123
s1x,s1x@g.nsu.ru,STUDENT,,DCS0069,student123
s1y,s1y@g.nsu.ru,STUDENT,,DCS0070,student123
s1z,s1z@g.nsu.ru,STUDENT,,DCS0071,student123
s20,s20@g.nsu.ru,STUDENT,,DCS0072,student123
s21,s21@g.nsu.ru,STUDENT,,DCS0073,student123
s22,s22@g.nsu.ru,STUDENT,,DCS0074,student123
s23,s23@g.nsu.ru,STUDENT,,DCS0075,student123
s24,s24@g.nsu.ru,STUDENT,,DCS0076,student123
s25,s25@g.nsu.ru,STUDENT,,DCS0077,student123
s26,s26@g.nsu.ru,STUDENT,,DCS0078,student123
s27,s27@g.nsu.ru,STUDENT,,DCS0079,student123
s28,s28@g.nsu.ru,STUDENT,,DCS0080,student123
s29,s29@g.nsu.ru,STUDENT,,DCS0081,student123
s2a,s2a@g.nsu.ru,STUDENT,,DCS0082,student123
s2b,s2b@g.nsu.ru,STUDENT,,DCS0083,student123
s2c,s2c@g.nsu.ru,STUDENT,,DCS0084,student123
s2d,s2d@g.nsu.ru,STUDENT,,DCS0085,student123
s2e,s2e@g.nsu.ru,STUDENT,,DCS0086,student123
s2f,s2f@g.nsu.ru,STUDENT,,DCS0087,student123
s2g,s2g@g.nsu.ru,STUDENT,,DCS0088,student123
s2h,s2h@g.nsu.ru,STUDENT,,DCS0089,student123
s2i,s2i@g.nsu.ru,STUDENT,,DCS0090,student123
s2j,s2j@g.nsu.ru,STUDENT,,DCS0091,student123
s2k,s2k@g.nsu.ru,STUDENT,,DCS0092,student123
s2l,s2l@g.nsu.ru,STUDENT,,DCS0093,student123
s2m,s2m@g.nsu.ru,STUDENT,,DCS0094,student123
s2n,s2n@g.nsu.ru,STUDENT,,DCS0095,student123
s2o,s2o@g.nsu.ru,STUDENT,,DCS0096,student123
s2p,s2p@g.nsu.ru,STUDENT,,DCS0097,student123
s2q,s2q@g.nsu.ru,STUDENT,,DCS0098,student123
s2r,s2r@g.nsu.ru,STUDENT,,DCS0099,student123
s2s,s2s@g.nsu.ru,STUDENT,,DCS0100,student123
s2t,s2t@g.nsu.ru,STUDENT,,DCS0101,student123
s2u,s2u@g.nsu.ru,STUDENT,,DCS0102,student123
s2v,s2v@g.nsu.ru,STUDENT,,DCS0103,student123
s2w,s2w@g.nsu.ru,STUDENT,,DCS0104,student123
s2x,s2x@g.nsu.ru,STUDENT,,DCS0105,student123
s2y,s2y@g.nsu.ru,STUDENT,,DCS0106,student123
s2z,s2z@g.nsu.ru,STUDENT,,DCS0107,student123
s30,s30@g.nsu.ru,STUDENT,,DCS0108,student123
s31,s31@g.nsu.ru,STUDENT,,DCS0109,student123
s32,s32@g.nsu.ru,STUDENT,,DCS0110,student123
s33,s33@g.nsu.ru,STUDENT,,DCS0111,student123
s34,s34@g.nsu.ru,STUDENT,,DCS0112,student123
s35,s35@g.nsu.ru,STUDENT,,DCS0113,student123
s36,s36@g.nsu.ru,STUDENT,,DCS0114,student123
s37,s37@g.nsu.ru,STUDENT,,DCS0115,student123
s38,s38@g.nsu.ru,STUDENT,,DCS0116,student123
s39,s39@g.nsu.ru,STUDENT,,DCS0117,student123
s3a,s3a@g.nsu.ru,STUDENT,,DCS0118,student123
s3b,s3b@g.nsu.ru,STUDENT,,DCS0119,student123
s3c,s3c@g.nsu.ru,STUDENT,,DCS0120,student123
s3d,s3d@g.nsu.ru,STUDENT,,DCS0121,student123
s3e,s3e@g.nsu.ru,STUDENT,,DCS0122,student123
s3f,s3f@g.nsu.ru,STUDENT,,DCS0123,student123
s3g,s3g@g.nsu.ru,STUDENT,,DCS0124,student123
s3h,s3h@g.nsu.ru,STUDENT,,DCS0125,student123
s3i,s3i@g.nsu.ru,STUDENT,,DCS0126,student123
s3j,s3j@g.nsu.ru,STUDENT,,DCS0127,student123
s3k,s3k@g.nsu.ru,STUDENT,,DCS0128,student123
s3l,s3l@g.nsu.ru,STUDENT,,DCS0129,student123
s3m,s3m@g.nsu.ru,STUDENT,,DCS0130,student123
s3n,s3n@g.nsu.ru,STUDENT,,DCS0131,student123
s3o,s3o@g.nsu.ru,STUDENT,,DCS0132,student123
s3p,s3p@g.nsu.ru,STUDENT,,DCS0133,student123
s3q,s3q@g.nsu.ru,STUDENT,,DCS0134,student123
s3r,s3r@g.nsu.ru,STUDENT,,DCS0135,student123
s3s,s3s@g.nsu.ru,STUDENT,,DCS0136,student123
s3t,s3t@g.nsu.ru,STUDENT,,DCS0137,student123
s3u,s3u@g.nsu.ru,STUDENT,,DCS0138,student123
s3v,s3v@g.nsu.ru,STUDENT,,DCS0139,student123
s3w,s3w@g.nsu.ru,STUDENT,,DCS0140,student123
s3x,s3x@g.nsu.ru,STUDENT,,DCS0141,student123
s3y,s3y@g.nsu.ru,STUDENT,,DCS0142,student123
s3z,s3z@g.nsu.ru,STUDENT,,DCS0143,student123
s40,s40@g.nsu.ru,STUDENT,,DCS0144,student123
s41,s41@g.nsu.ru,STUDENT,,DCS0145,student123
s42,s42@g.nsu.ru,STUDENT,,DCS0146,student123
s43,s43@g.nsu.ru,STUDENT,,DCS0147,student123
s44,s44@g.nsu.ru,STUDENT,,DCS0148,student123
s45,s45@g.nsu.ru,STUDENT,,DCS0149,student123
s46,s46@g.nsu.ru,STUDENT,,DCS0150,student123
s47,s47@g.nsu.ru,STUDENT,,DCS0151,student123
s48,s48@g.nsu.ru,STUDENT,,DCS0152,student123
s49,s49@g.nsu.ru,STUDENT,,DCS0153,student123
s4a,s4a@g.nsu.ru,STUDENT,,DCS0154,student123
s4b,s4b@g.nsu.ru,STUDENT,,DCS0155,student123
s4c,s4c@g.nsu.ru,STUDENT,,DCS0156,student123
s4d,s4d@g.nsu.ru,STUDENT,,DCS0157,student123
s4e,s4e@g.nsu.ru,STUDENT,,DCS0158,student123
s4f,s4f@g.nsu.ru,STUDENT,,DCS0159,student123
s4g,s4g@g.nsu.ru,STUDENT,,DCS0160,student123
s4h,s4h@g.nsu.ru,STUDENT,,DCS0161,student123
s4i,s4i@g.nsu.ru,STUDENT,,DCS0162,student123
s4j,s4j@g.nsu.ru,STUDENT,,DCS0163,student123
s4k,s4k@g.nsu.ru,STUDENT,,DCS0164,student123
s4l,s4l@g.nsu.ru,STUDENT,,DCS0165,student123
s4m,s4m@g.nsu.ru,STUDENT,,DCS0166,student123
s4n,s4n@g.nsu.ru,STUDENT,,DCS0167,student123
s4o,s4o@g.nsu.ru,STUDENT,,DCS0168,student123
s4p,s4p@g.nsu.ru,STUDENT,,DCS0169,student123
s4q,s4q@g.nsu.ru,STUDENT,,DCS0170,student123
s4r,s4r@g.nsu.ru,STUDENT,,DCS0171,student123
s4s,s4s@g.nsu.ru,STUDENT,,DCS0172,student123
s4t,s4t@g.nsu.ru,STUDENT,,DCS0173,student123
s4u,s4u@g.nsu.ru,STUDENT,,DCS0174,student123
s4v,s4v@g.nsu.ru,STUDENT,,DCS0175,student123
s4w,s4w@g.nsu.ru,STUDENT,,DCS0176,student123
s4x,s4x@g.nsu.ru,STUDENT,,DCS0177,student123
s4y,s4y@g.nsu.ru,STUDENT,,DCS0178,student123
s4z,s4z@g.nsu.ru,STUDENT,,DCS0179,student123
s50,s50@g.nsu.ru,STUDENT,,DCS0180,student123
s51,s51@g.nsu.ru,STUDENT,,DCS0181,student123
s52,s52@g.nsu.ru,STUDENT,,DCS0182,student123
s53,s53@g.nsu.ru,STUDENT,,DCS0183,student123
s54,s54@g.nsu.ru,STUDENT,,DCS0184,student123
s55,s55@g.nsu.ru,STUDENT,,DCS0185,student123
s56,s56@g.nsu.ru,STUDENT,,DCS0186,student123
s57,s57@g.nsu.ru,STUDENT,,DCS0187,student123
s58,s58@g.nsu.ru,STUDENT,,DCS0188,student123
s59,s59@g.nsu.ru,STUDENT,,DCS0189,student123
s5a,s5a@g.nsu.ru,STUDENT,,DCS0190,student123
s5b,s5b@g.nsu.ru,STUDENT,,DCS0191,student123
s5c,s5c@g.nsu.ru,STUDENT,,DCS0192,student123
s5d,s5d@g.nsu.ru,STUDENT,,DCS0193,student123
s5e,s5e@g.nsu.ru,STUDENT,,DCS0194,student123
s5f,s5f@g.nsu.ru,STUDENT,,DCS0195,student123
s5g,s5g@g.nsu.ru,STUDENT,,DCS0196,student123
s5h,s5h@g.nsu.ru,STUDENT,,DCS0197,student123
s5i,s5i@g.nsu.ru,STUDENT,,DCS0198,student123
s5j,s5j@g.nsu.ru,STUDENT,,DCS0199,student123
s5k,s5k@g.nsu.ru,STUDENT,,DCS0200,student123
s5l,s5l@g.nsu.ru,STUDENT,,DCS0201,student123
s5m,s5m@g.nsu.ru,STUDENT,,DCS0202,student123
s5n,s5n@g.nsu.ru,STUDENT,,DCS0203,student123
s5o,s5o@g.nsu.ru,STUDENT,,DCS0204,student123
s5p,s5p@g.nsu.ru,STUDENT,,DCS0205,student123
s5q,s5q@g.nsu.ru,STUDENT,,DCS0206,student123
s5r,s5r@g.nsu.ru,STUDENT,,DCS0207,student123
s5s,s5s@g.nsu.ru,STUDENT,,DCS0208,student123
s5t,s5t@g.nsu.ru,STUDENT,,DCS0209,student123
s5u,s5u@g.nsu.ru,STUDENT,,DCS0210,student123
s5v,s5v@g.nsu.ru,STUDENT,,DCS0211,student123
s5w,s5w@g.nsu.ru,STUDENT,,DCS0212,student123
s5x,s5x@g.nsu.ru,STUDENT,,DCS0213,student123
s5y,s5y@g.nsu.ru,STUDENT,,DCS0214,student123
s5z,s5z@g.nsu.ru,STUDENT,,DCS0215,student123
s60,s60@g.nsu.ru,STUDENT,,DCS0216,student123
s61,s61@g.nsu.ru,STUDENT,,DCS0217,student123
s62,s62@g.nsu.ru,STUDENT,,DCS0218,student123
s63,s63@g.nsu.ru,STUDENT,,DCS0219,student123
s64,s64@g.nsu.ru,STUDENT,,DCS0220,student123
s65,s65@g.nsu.ru,STUDENT,,DCS0221,student123
s66,s66@g.nsu.ru,STUDENT,,DCS0222,student123
s67,s67@g.nsu.ru,STUDENT,,DCS0223,student123
s68,s68@g.nsu.ru,STUDENT,,DCS0224,student123
s69,s69@g.nsu.ru,STUDENT,,DCS0225,student123
s6a,s6a@g.nsu.ru,STUDENT,,DCS0226,student123
s6b,s6b@g.nsu.ru,STUDENT,,DCS0227,student123
s6c,s6c@g.nsu.ru,STUDENT,,DCS0228,student123
s6d,s6d@g.nsu.ru,STUDENT,,DCS0229,student123
s6e,s6e@g.nsu.ru,STUDENT,,DCS0230,student123
s6f,s6f@g.nsu.ru,STUDENT,,DCS0231,student123
s6g,s6g@g.nsu.ru,STUDENT,,DCS0232,student123
s6h,s6h@g.nsu.ru,STUDENT,,DCS0233,student123
s6i,s6i@g.nsu.ru,STUDENT,,DCS0234,student123
s6j,s6j@g.nsu.ru,STUDENT,,DCS0235,student123
s6k,s6k@g.nsu.ru,STUDENT,,DCS0236,student123
s6l,s6l@g.nsu.ru,STUDENT,,DCS0237,student123
s6m,s6m@g.nsu.ru,STUDENT,,DCS0238,student123
s6n,s6n@g.nsu.ru,STUDENT,,DCS0239,student123
s6o,s6o@g.nsu.ru,STUDENT,,DCS0240,student123
s6p,s6p@g.nsu.ru,STUDENT,,DCS0241,student123
s6q,s6q@g.nsu.ru,STUDENT,,DCS0242,student123
s6r,s6r@g.nsu.ru,STUDENT,,DCS0243,student123
s6s,s6s@g.nsu.ru,STUDENT,,DCS0244,student123
s6t,s6t@g.nsu.ru,STUDENT,,DCS0245,student123
s6u,s6u@g.nsu.ru,STUDENT,,DCS0246,student123
s6v,s6v@g.nsu.ru,STUDENT,,DCS0247,student123
s6w,s6w@g.nsu.ru,STUDENT,,DCS0248,student123
s6x,s6x@g.nsu.ru,STUDENT,,DCS0249,student123
s6y,s6y@g.nsu.ru,STUDENT,,DCS0250,student123
s6z,s6z@g.nsu.ru,STUDENT,,DCS0251,student123
s70,s70@g.nsu.ru,STUDENT,,DCS0252,student123
s71,s71@g.nsu.ru,STUDENT,,DCS0253,student123
s72,s72@g.nsu.ru,STUDENT,,DCS0254,student123
s73,s73@g.nsu.ru,STUDENT,,DCS0255,student123
s74,s74@g.nsu.ru,STUDENT,,DCS0256,student123
s75,s75@g.nsu.ru,STUDENT,,DCS0257,student123
s76,s76@g.nsu.ru,STUDENT,,DCS0258,student123
s77,s77@g.nsu.ru,STUDENT,,DCS0259,student123
s78,s78@g.nsu.ru,STUDENT,,DCS0260,student123
s79,s79@g.nsu.ru,STUDENT,,DCS0261,student123
s7a,s7a@g.nsu.ru,STUDENT,,DCS0262,student123
s7b,s7b@g.nsu.ru,STUDENT,,DCS0263,student123
s7c,s7c@g.nsu.ru,STUDENT,,DCS0264,student123
s7d,s7d@g.nsu.ru,STUDENT,,DCS0265,student123
s7e,s7e@g.nsu.ru,STUDENT,,DCS0266,student123
s7f,s7f@g.nsu.ru,STUDENT,,DCS0267,student123
s7g,s7g@g.nsu.ru,STUDENT,,DCS0268,student123
s7h,s7h@g.nsu.ru,STUDENT,,DCS0269,student123
s7i,s7i@g.nsu.ru,STUDENT,,DCS0270,student123
s7j,s7j@g.nsu.ru,STUDENT,,DCS0271,student123
s7k,s7k@g.nsu.ru,STUDENT,,DCS0272,student123
s7l,s7l@g.nsu.ru,STUDENT,,DCS0273,student123
s7m,s7m@g.nsu.ru,STUDENT,,DCS0274,student123
s7n,s7n@g.nsu.ru,STUDENT,,DCS0275,student123
s7o,s7o@g.nsu.ru,STUDENT,,DCS0276,student123
s7p,s7p@g.nsu.ru,STUDENT,,DCS0277,student123
s7q,s7q@g.nsu.ru,STUDENT,,DCS0278,student123
s7r,s7r@g.nsu.ru,STUDENT,,DCS0279,student123
s7s,s7s@g.nsu.ru,STUDENT,,DCS0280,student123
s7t,s7t@g.nsu.ru,STUDENT,,DCS0281,student123
s7u,s7u@g.nsu.ru,STUDENT,,DCS0282,student123
s7v,s7v@g.nsu.ru,STUDENT,,DCS0283,student123
s7w,s7w@g.nsu.ru,STUDENT,,DCS0284,student123
s7x,s7x@g.nsu.ru,STUDENT,,DCS0285,student123
s7y,s7y@g.nsu.ru,STUDENT,,DCS0286,student123
s7z,s7z@g.nsu.ru,STUDENT,,DCS0287,student123
s80,s80@g.nsu.ru,STUDENT,,DCS0288,student123
s81,s81@g.nsu.ru,STUDENT,,DCS0289,student123
s82,s82@g.nsu.ru,STUDENT,,DCS0290,student123
s83,s83@g.nsu.ru,STUDENT,,DCS0291,student123
s84,s84@g.nsu.ru,STUDENT,,DCS0292,student123
s85,s85@g.nsu.ru,STUDENT,,DCS0293,student123
s86,s86@g.nsu.ru,STUDENT,,DCS0294,student123
s87,s87@g.nsu.ru,STUDENT,,DCS0295,student123
s88,s88@g.nsu.ru,STUDENT,,DCS0296,student123
s89,s89@g.nsu.ru,STUDENT,,DCS0297,student123
s8a,s8a@g.nsu.ru,STUDENT,,DCS0298,student123
s8b,s8b@g.nsu.ru,STUDENT,,DCS0299,student123
s8c,s8c@g.nsu.ru,STUDENT,,DCS0300,student123
s8d,s8d@g.nsu.ru,STUDENT,,DCS0301,student123
s8e,s8e@g.nsu.ru,STUDENT,,DCS0302,student123
s8f,s8f@g.nsu.ru,STUDENT,,DCS0303,student123
s8g,s8g@g.nsu.ru,STUDENT,,DCS0304,student123
s8h,s8h@g.nsu.ru,STUDENT,,DCS0305,student123
s8i,s8i@g.nsu.ru,STUDENT,,DCS0306,student123
s8j,s8j@g.nsu.ru,STUDENT,,DCS0307,student123
s8k,s8k@g.nsu.ru,STUDENT,,DCS0308,student123
s8l,s8l@g.nsu.ru,STUDENT,,DCS0309,student123
s8m,s8m@g.nsu.ru,STUDENT,,DCS0310,student123
s8n,s8n@g.nsu.ru,STUDENT,,DCS0311,student123
s8o,s8o@g.nsu.ru,STUDENT,,DCS0312,student123
s8p,s8p@g.nsu.ru,STUDENT,,DCS0313,student123
s8q,s8q@g.nsu.ru,STUDENT,,DCS0314,student123
s8r,s8r@g.nsu.ru,STUDENT,,DCS0315,student123
s8s,s8s@g.nsu.ru,STUDENT,,DCS0316,student123
s8t,s8t@g.nsu.ru,STUDENT,,DCS0317,student123
s8u,s8u@g.nsu.ru,STUDENT,,DCS0318,student123
s8v,s8v@g.nsu.ru,STUDENT,,DCS0319,student123
s8w,s8w@g.nsu.ru,STUDENT,,DCS0320,student123
s8x,s8x@g.nsu.ru,STUDENT,,DCS0321,student123
s8y,s8y@g.nsu.ru,STUDENT,,DCS0322,student123
s8z,s8z@g.nsu.ru,STUDENT,,DCS0323,student123
s90,s90@g.nsu.ru,STUDENT,,DCS0324,student123
s91,s91@g.nsu.ru,STUDENT,,DCS0325,student123
s92,s92@g.nsu.ru,STUDENT,,DCS0326,student123
s93,s93@g.nsu.ru,STUDENT,,DCS0327,student123
s94,s94@g.nsu.ru,STUDENT,,DCS0328,student123
s95,s95@g.nsu.ru,STUDENT,,DCS0329,student123
s96,s96@g.nsu.ru,STUDENT,,DCS0330,student123
s97,s97@g.nsu.ru,STUDENT,,DCS0331,student123
s98,s98@g.nsu.ru,STUDENT,,DCS0332,student123
s99,s99@g.nsu.ru,STUDENT,,DCS0333,student123
s9a,s9a@g.nsu.ru,STUDENT,,DCS0334,student123
s9b,s9b@g.nsu.ru,STUDENT,,DCS0335,student123
s9c,s9c@g.nsu.ru,STUDENT,,DCS0336,student123
s9d,s9d@g.nsu.ru,STUDENT,,DCS0337,student123
s9e,s9e@g.nsu.ru,STUDENT,,DCS0338,student123
s9f,s9f@g.nsu.ru,STUDENT,,DCS0339,student123
s9g,s9g@g.nsu.ru,STUDENT,,DCS0340,student123
s9h,s9h@g.nsu.ru,STUDENT,,DCS0341,student123
s9i,s9i@g.nsu.ru,STUDENT,,DCS0342,student123
s9j,s9j@g.nsu.ru,STUDENT,,DCS0343,student123
s9k,s9k@g.nsu.ru,STUDENT,,DCS0344,student123
s9l,s9l@g.nsu.ru,STUDENT,,DCS0345,student123
s9m,s9m@g.nsu.ru,STUDENT,,DCS0346,student123
s9n,s9n@g.nsu.ru,STUDENT,,DCS0347,student123
s9o,s9o@g.nsu.ru,STUDENT,,DCS0348,student123
s9p,s9p@g.nsu.ru,STUDENT,,DCS0349,student123
s9q,s9q@g.nsu.ru,STUDENT,,DCS0350,student123
s9r,s9r@g.nsu.ru,STUDENT,,DCS0351,student123
s9s,s9s@g.nsu.ru,STUDENT,,DCS0352,student123
s9t,s9t@g.nsu.ru,STUDENT,,DCS0353,student123
s9u,s9u@g.nsu.ru,STUDENT,,DCS0354,student123
s9v,s9v@g.nsu.ru,STUDENT,,DCS0355,student123
s9w,s9w@g.nsu.ru,STUDENT,,DCS0356,student123
s9x,s9x@g.nsu.ru,STUDENT,,DCS0357,student123
s9y,s9y@g.nsu.ru,STUDENT,,DCS0358,student123
s9z,s9z@g.nsu.ru,STUDENT,,DCS0359,student123
sa0,sa0@g.nsu.ru,STUDENT,,DCS0360,student123
sa1,sa1@g.nsu.ru,STUDENT,,DCS0361,student123
sa2,sa2@g.nsu.ru,STUDENT,,DCS0362,student123
sa3,sa3@g.nsu.ru,STUDENT,,DCS0363,student123
sa4,sa4@g.nsu.ru,STUDENT,,DCS0364,student123
sa5,sa5@g.nsu.ru,STUDENT,,DCS0365,student123
sa6,sa6@g.nsu.ru,STUDENT,,DCS0366,student123
sa7,sa7@g.nsu.ru,STUDENT,,DCS0367,student123
sa8,sa8@g.nsu.ru,STUDENT,,DCS0368,student123
sa9,sa9@g.nsu.ru,STUDENT,,DCS0369,student123
saa,saa@g.nsu.ru,STUDENT,,DCS0370,student123
sab,sab@g.nsu.ru,STUDENT,,DCS0371,student123
sac,sac@g.nsu.ru,STUDENT,,DCS0372,student123
sad,sad@g.nsu.ru,STUDENT,,DCS0373,student123
sae,sae@g.nsu.ru,STUDENT,,DCS0374,student123
saf,saf@g.nsu.ru,STUDENT,,DCS0375,student123
sag,sag@g.nsu.ru,STUDENT,,DCS0376,student123
sah,sah@g.nsu.ru,STUDENT,,DCS0377,student123
sai,sai@g.nsu.ru,STUDENT,,DCS0378,student123
saj,saj@g.nsu.ru,STUDENT,,DCS0379,student123
sak,sak@g.nsu.ru,STUDENT,,DCS0380,student123
sal,sal@g.nsu.ru,STUDENT,,DCS0381,student123
sam,sam@g.nsu.ru,STUDENT,,DCS0382,student123
san,san@g.nsu.ru,STUDENT,,DCS0383,student123
sao,sao@g.nsu.ru,STUDENT,,DCS0384,student123
sap,sap@g.nsu.ru,STUDENT,,DCS0385,student123
saq,saq@g.nsu.ru,STUDENT,,DCS0386,student123
sar,sar@g.nsu.ru,STUDENT,,DCS0387,student123
sas,sas@g.nsu.ru,STUDENT,,DCS0388,student123
sat,sat@g.nsu.ru,STUDENT,,DCS0389,student123
sau,sau@g.nsu.ru,STUDENT,,DCS0390,student123
sav,sav@g.nsu.ru,STUDENT,,DCS0391,student123
saw,saw@g.nsu.ru,STUDENT,,DCS0392,student123
sax,sax@g.nsu.ru,STUDENT,,DCS0393,student123
say,say@g.nsu.ru,STUDENT,,DCS0394,student123
saz,saz@g.nsu.ru,STUDENT,,DCS0395,student123
sb0,sb0@g.nsu.ru,STUDENT,,DCS0396,student123
sb1,sb1@g.nsu.ru,STUDENT,,DCS0397,student123
sb2,sb2@g.nsu.ru,STUDENT,,DCS0398,student123
sb3,sb3@g.nsu.ru,STUDENT,,DCS0399,student123
sb4,sb4@g.nsu.ru,STUDENT,,DCS0400,student123
sb5,sb5@g.nsu.ru,STUDENT,,DCS0401,student123
sb6,sb6@g.nsu.ru,STUDENT,,DCS0402,student123
sb7,sb7@g.nsu.ru,STUDENT,,DCS0403,student123
sb8,sb8@g.nsu.ru,STUDENT,,DCS0404,student123
sb9,sb9@g.nsu.ru,STUDENT,,DCS0405,student123
sba,sba@g.nsu.ru,STUDENT,,DCS0406,student123
sbb,sbb@g.nsu.ru,STUDENT,,DCS0407,student123
sbc,sbc@g.nsu.ru,STUDENT,,DCS0408,student123
sbd,sbd@g.nsu.ru,STUDENT,,DCS0409,student123
sbe,sbe@g.nsu.ru,STUDENT,,DCS0410,student123
sbf,sbf@g.nsu.ru,STUDENT,,DCS0411,student123
sbg,sbg@g.nsu.ru,STUDENT,,DCS0412,student123
sbh,sbh@g.nsu.ru,STUDENT,,DCS0413,student123
sbi,sbi@g.nsu.ru,STUDENT,,DCS0414,student123
sbj,sbj@g.nsu.ru,STUDENT,,DCS0415,student123
sbk,sbk@g.nsu.ru,STUDENT,,DCS0416,student123
sbl,sbl@g.nsu.ru,STUDENT,,DCS0417,student123
sbm,sbm@g.nsu.ru,STUDENT,,DCS0418,student123
sbn,sbn@g.nsu.ru,STUDENT,,DCS0419,student123
sbo,sbo@g.nsu.ru,STUDENT,,DCS0420,student123
sbp,sbp@g.nsu.ru,STUDENT,,DCS0421,student123
sbq,sbq@g.nsu.ru,STUDENT,,DCS0422,student123
sbr,sbr@g.nsu.ru,STUDENT,,DCS0423,student123
sbs,sbs@g.nsu.ru,STUDENT,,DCS0424,student123
sbt,sbt@g.nsu.ru,STUDENT,,DCS0425,student123
sbu,sbu@g.nsu.ru,STUDENT,,DCS0426,student123
sbv,sbv@g.nsu.ru,STUDENT,,DCS0427,student123
sbw,sbw@g.nsu.ru,STUDENT,,DCS0428,student123
sbx,sbx@g.nsu.ru,STUDENT,,DCS0429,student123
sby,sby@g.nsu.ru,STUDENT,,DCS0430,student123
sbz,sbz@g.nsu.ru,STUDENT,,DCS0431,student123
sc0,sc0@g.nsu.ru,STUDENT,,DCS0432,student123
sc1,sc1@g.nsu.ru,STUDENT,,DCS0433,student123
sc2,sc2@g.nsu.ru,STUDENT,,DCS0434,student123
sc3,sc3@g.nsu.ru,STUDENT,,DCS0435,student123
sc4,sc4@g.nsu.ru,STUDENT,,DCS0436,student123
sc5,sc5@g.nsu.ru,STUDENT,,DCS0437,student123
sc6,sc6@g.nsu.ru,STUDENT,,DCS0438,student123
sc7,sc7@g.nsu.ru,STUDENT,,DCS0439,student123
sc8,sc8@g.nsu.ru,STUDENT,,DCS0440,student123
sc9,sc9@g.nsu.ru,STUDENT,,DCS0441,student123
sca,sca@g.nsu.ru,STUDENT,,DCS0442,student123
scb,scb@g.nsu.ru,STUDENT,,DCS0443,student123
scc,scc@g.nsu.ru,STUDENT,,DCS0444,student123
scd,scd@g.nsu.ru,STUDENT,,DCS0445,student123
sce,sce@g.nsu.ru,STUDENT,,DCS0446,student123
scf,scf@g.nsu.ru,STUDENT,,DCS0447,student123
scg,scg@g.nsu.ru,STUDENT,,DCS0448,student123
sch,sch@g.nsu.ru,STUDENT,,DCS0449,student123
sci,sci@g.nsu.ru,STUDENT,,DCS0450,student123
scj,scj@g.nsu.ru,STUDENT,,DCS0451,student123
sck,sck@g.nsu.ru,STUDENT,,DCS0452,student123
scl,scl@g.nsu.ru,STUDENT,,DCS0453,student123
scm,scm@g.nsu.ru,STUDENT,,DCS0454,student123
scn,scn@g.nsu.ru,STUDENT,,DCS0455,student123
sco,sco@g.nsu.ru,STUDENT,,DCS0456,student123
scp,scp@g.nsu.ru,STUDENT,,DCS0457,student123
scq,scq@g.nsu.ru,STUDENT,,DCS0458,student123
scr,scr@g.nsu.ru,STUDENT,,DCS0459,student123
scs,scs@g.nsu.ru,STUDENT,,DCS0460,student123
sct,sct@g.nsu.ru,STUDENT,,DCS0461,student123
scu,scu@g.nsu.ru,STUDENT,,DCS0462,student123
scv,scv@g.nsu.ru,STUDENT,,DCS0463,student123
scw,scw@g.nsu.ru,STUDENT,,DCS0464,student123
scx,scx@g.nsu.ru,STUDENT,,DCS0465,student123
scy,scy@g.nsu.ru,STUDENT,,DCS0466,student123
scz,scz@g.nsu.ru,STUDENT,,DCS0467,student123
sd0,sd0@g.nsu.ru,STUDENT,,DCS0468,student123
sd1,sd1@g.nsu.ru,STUDENT,,DCS0469,student123
sd2,sd2@g.nsu.ru,STUDENT,,DCS0470,student123
sd3,sd3@g.nsu.ru,STUDENT,,DCS0471,student123
sd4,sd4@g.nsu.ru,STUDENT,,DCS0472,student123
sd5,sd5@g.nsu.ru,STUDENT,,DCS0473,student123
sd6,sd6@g.nsu.ru,STUDENT,,DCS0474,student123
sd7,sd7@g.nsu.ru,STUDENT,,DCS0475,student123
sd8,sd8@g.nsu.ru,STUDENT,,DCS0476,student123
sd9,sd9@g.nsu.ru,STUDENT,,DCS0477,student123
sda,sda@g.nsu.ru,STUDENT,,DCS0478,student123
sdb,sdb@g.nsu.ru,STUDENT,,DCS0479,student123
sdc,sdc@g.nsu.ru,STUDENT,,DCS0480,student123
sdd,sdd@g.nsu.ru,STUDENT,,DCS0481,student123
sde,sde@g.nsu.ru,STUDENT,,DCS0482,student123
sdf,sdf@g.nsu.ru,STUDENT,,DCS0483,student123
sdg,sdg@g.nsu.ru,STUDENT,,DCS0484,student123
sdh,sdh@g.nsu.ru,STUDENT,,DCS0485,student123
sdi,sdi@g.nsu.ru,STUDENT,,DCS0486,student123
sdj,sdj@g.nsu.ru,STUDENT,,DCS0487,student123
sdk,sdk@g.nsu.ru,STUDENT,,DCS0488,student123
sdl,sdl@g.nsu.ru,STUDENT,,DCS0489,student123
sdm,sdm@g.nsu.ru,STUDENT,,DCS0490,student123
sdn,sdn@g.nsu.ru,STUDENT,,DCS0491,student123
sdo,sdo@g.nsu.ru,STUDENT,,DCS0492,student123
sdp,sdp@g.nsu.ru,STUDENT,,DCS0493,student123
sdq,sdq@g.nsu.ru,STUDENT,,DCS0494,student123
sdr,sdr@g.nsu.ru,STUDENT,,DCS0495,student123
sds,sds@g.nsu.ru,STUDENT,,DCS0496,student123
sdt,sdt@g.nsu.ru,STUDENT,,DCS0497,student123
sdu,sdu@g.nsu.ru,STUDENT,,DCS0498,student123
sdv,sdv@g.nsu.ru,STUDENT,,DCS0499,student123
sdw,sdw@g.nsu.ru,STUDENT,,DCS0500,student123
sdx,sdx@g.nsu.ru,STUDENT,,DCS0501,student123
sdy,sdy@g.nsu.ru,STUDENT,,DCS0502,student123
sdz,sdz@g.nsu.ru,STUDENT,,DCS0503,student123
se0,se0@g.nsu.ru,STUDENT,,DCS0504,student123
se1,se1@g.nsu.ru,STUDENT,,DCS0505,student123
se2,se2@g.nsu.ru,STUDENT,,DCS0506,student123
se3,se3@g.nsu.ru,STUDENT,,DCS0507,student123
se4,se4@g.nsu.ru,STUDENT,,DCS0508,student123
se5,se5@g.nsu.ru,STUDENT,,DCS0509,student123
se6,se6@g.nsu.ru,STUDENT,,DCS0510,student123
se7,se7@g.nsu.ru,STUDENT,,DCS0511,student123
se8,se8@g.nsu.ru,STUDENT,,DCS0512,student123
se9,se9@g.nsu.ru,STUDENT,,DCS0513,student123
sea,sea@g.nsu.ru,STUDENT,,DCS0514,student123
seb,seb@g.nsu.ru,STUDENT,,DCS0515,student123
sec,sec@g.nsu.ru,STUDENT,,DCS0516,student123
sed,sed@g.nsu.ru,STUDENT,,DCS0517,student123
see,see@g.nsu.ru,STUDENT,,DCS0518,student123
sef,sef@g.nsu.ru,STUDENT,,DCS0519,student123
seg,seg@g.nsu.ru,STUDENT,,DCS0520,student123
seh,seh@g.nsu.ru,STUDENT,,DCS0521,student123
sei,sei@g.nsu.ru,STUDENT,,DCS0522,student123
sej,sej@g.nsu.ru,STUDENT,,DCS0523,student123
sek,sek@g.nsu.ru,STUDENT,,DCS0524,student123
sel,sel@g.nsu.ru,STUDENT,,DCS0525,student123
sem,sem@g.nsu.ru,STUDENT,,DCS0526,student123
sen,sen@g.nsu.ru,STUDENT,,DCS0527,student123
seo,seo@g.nsu.ru,STUDENT,,DCS0528,student123
sep,sep@g.nsu.ru,STUDENT,,DCS0529,student123
seq,seq@g.nsu.ru,STUDENT,,DCS0530,student123
ser,ser@g.nsu.ru,STUDENT,,DCS0531,student123
ses,ses@g.nsu.ru,STUDENT,,DCS0532,student123
set,set@g.nsu.ru,STUDENT,,DCS0533,student123
seu,seu@g.nsu.ru,STUDENT,,DCS0534,student123
sev,sev@g.nsu.ru,STUDENT,,DCS0535,student123
sew,sew@g.nsu.ru,STUDENT,,DCS0536,student123
sex,sex@g.nsu.ru,STUDENT,,DCS0537,student123
sey,sey@g.nsu.ru,STUDENT,,DCS0538,student123
sez,sez@g.nsu.ru,STUDENT,,DCS0539,student123
sf0,sf0@g.nsu.ru,STUDENT,,DCS0540,student123
sf1,sf1@g.nsu.ru,STUDENT,,DCS0541,student123
sf2,sf2@g.nsu.ru,STUDENT,,DCS0542,student123
sf3,sf3@g.nsu.ru,STUDENT,,DCS0543,student123
sf4,sf4@g.nsu.ru,STUDENT,,DCS0544,student123
sf5,sf5@g.nsu.ru,STUDENT,,DCS0545,student123
sf6,sf6@g.nsu.ru,STUDENT,,DCS0546,student123
sf7,sf7@g.nsu.ru,STUDENT,,DCS0547,student123
sf8,sf8@g.nsu.ru,STUDENT,,DCS0548,student123
sf9,sf9@g.nsu.ru,STUDENT,,DCS0549,student123
sfa,sfa@g.nsu.ru,STUDENT,,DCS0550,student123
sfb,sfb@g.nsu.ru,STUDENT,,DCS0551,student123
sfc,sfc@g.nsu.ru,STUDENT,,DCS0552,student123
sfd,sfd@g.nsu.ru,STUDENT,,DCS0553,student123
sfe,sfe@g.nsu.ru,STUDENT,,DCS0554,student123
sff,sff@g.nsu.ru,STUDENT,,DCS0555,student123
sfg,sfg@g.nsu.ru,STUDENT,,DCS0556,student123
sfh,sfh@g.nsu.ru,STUDENT,,DCS0557,student123
sfi,sfi@g.nsu.ru,STUDENT,,DCS0558,student123
sfj,sfj@g.nsu.ru,STUDENT,,DCS0559,student123
sfk,sfk@g.nsu.ru,STUDENT,,DCS0560,student123
sfl,sfl@g.nsu.ru,STUDENT,,DCS0561,student123
sfm,sfm@g.nsu.ru,STUDENT,,DCS0562,student123
sfn,sfn@g.nsu.ru,STUDENT,,DCS0563,student123
sfo,sfo@g.nsu.ru,STUDENT,,DCS0564,student123
sfp,sfp@g.nsu.ru,STUDENT,,DCS0565,student123
sfq,sfq@g.nsu.ru,STUDENT,,DCS0566,student123
sfr,sfr@g.nsu.ru,STUDENT,,DCS0567,student123
sfs,sfs@g.nsu.ru,STUDENT,,DCS0568,student123
sft,sft@g.nsu.ru,STUDENT,,DCS0569,student123
sfu,sfu@g.nsu.ru,STUDENT,,DCS0570,student123
sfv,sfv@g.nsu.ru,STUDENT,,DCS0571,student123
sfw,sfw@g.nsu.ru,STUDENT,,DCS0572,student123
sfx,sfx@g.nsu.ru,STUDENT,,DCS0573,student123
sfy,sfy@g.nsu.ru,STUDENT,,DCS0574,student123
sfz,sfz@g.nsu.ru,STUDENT,,DCS0575,student123
sg0,sg0@g.nsu.ru,STUDENT,,DCS0576,student123
sg1,sg1@g.nsu.ru,STUDENT,,DCS0577,student123
sg2,sg2@g.nsu.ru,STUDENT,,DCS0578,student123
sg3,sg3@g.nsu.ru,STUDENT,,DCS0579,student123
sg4,sg4@g.nsu.ru,STUDENT,,DCS0580,student123
sg5,sg5@g.nsu.ru,STUDENT,,DCS0581,student123
sg6,sg6@g.nsu.ru,STUDENT,,DCS0582,student123
sg7,sg7@g.nsu.ru,STUDENT,,DCS0583,student123
sg8,sg8@g.nsu.ru,STUDENT,,DCS0584,student123
sg9,sg9@g.nsu.ru,STUDENT,,DCS0585,student123
sga,sga@g.nsu.ru,STUDENT,,DCS0586,student123
sgb,sgb@g.nsu.ru,STUDENT,,DCS0587,student123
sgc,sgc@g.nsu.ru,STUDENT,,DCS0588,student123
sgd,sgd@g.nsu.ru,STUDENT,,DCS0589,student123
sge,sge@g.nsu.ru,STUDENT,,DCS0590,student123
sgf,sgf@g.nsu.ru,STUDENT,,DCS0591,student123
sgg,sgg@g.nsu.ru,STUDENT,,DCS0592,student123
sgh,sgh@g.nsu.ru,STUDENT,,DCS0593,student123
sgi,sgi@g.nsu.ru,STUDENT,,DCS0594,student123
sgj,sgj@g.nsu.ru,STUDENT,,DCS0595,student123
sgk,sgk@g.nsu.ru,STUDENT,,DCS0596,student123
sgl,sgl@g.nsu.ru,STUDENT,,DCS0597,student123
sgm,sgm@g.nsu.ru,STUDENT,,DCS0598,student123
sgn,sgn@g.nsu.ru,STUDENT,,DCS0599,student123
sgo,sgo@g.nsu.ru,STUDENT,,DCS0600,student123
sgp,sgp@g.nsu.ru,STUDENT,,DCS0601,student123
sgq,sgq@g.nsu.ru,STUDENT,,DCS0602,student123
sgr,sgr@g.nsu.ru,STUDENT,,DCS0603,student123
sgs,sgs@g.nsu.ru,STUDENT,,DCS0604,student123
sgt,sgt@g.nsu.ru,STUDENT,,DCS0605,student123
sgu,sgu@g.nsu.ru,STUDENT,,DCS0606,student123
sgv,sgv@g.nsu.ru,STUDENT,,DCS0607,student123
sgw,sgw@g.nsu.ru,STUDENT,,DCS0608,student123
sgx,sgx@g.nsu.ru,STUDENT,,DCS0609,student123
sgy,sgy@g.nsu.ru,STUDENT,,DCS0610,student123
sgz,sgz@g.nsu.ru,STUDENT,,DCS0611,student123
sh0,sh0@g.nsu.ru,STUDENT,,DCS0612,student123
sh1,sh1@g.nsu.ru,STUDENT,,DCS0613,student123
sh2,sh2@g.nsu.ru,STUDENT,,DCS0614,student123
sh3,sh3@g.nsu.ru,STUDENT,,DCS0615,student123
sh4,sh4@g.nsu.ru,STUDENT,,DCS0616,student123
sh5,sh5@g.nsu.ru,STUDENT,,DCS0617,student123
sh6,sh6@g.nsu.ru,STUDENT,,DCS0618,student123
sh7,sh7@g.nsu.ru,STUDENT,,DCS0619,student123
sh8,sh8@g.nsu.ru,STUDENT,,DCS0620,student123
sh9,sh9@g.nsu.ru,STUDENT,,DCS0621,student123
sha,sha@g.nsu.ru,STUDENT,,DCS0622,student123
shb,shb@g.nsu.ru,STUDENT,,DCS0623,student123
shc,shc@g.nsu.ru,STUDENT,,DCS0624,student123
shd,shd@g.nsu.ru,STUDENT,,DCS0625,student123
she,she@g.nsu.ru,STUDENT,,DCS0626,student123
shf,shf@g.nsu.ru,STUDENT,,DCS0627,student123
shg,shg@g.nsu.ru,STUDENT,,DCS0628,student123
shh,shh@g.nsu.ru,STUDENT,,DCS0629,student123
shi,shi@g.nsu.ru,STUDENT,,DCS0630,student123
shj,shj@g.nsu.ru,STUDENT,,DCS0631,student123
shk,shk@g.nsu.ru,STUDENT,,DCS0632,student123
shl,shl@g.nsu.ru,STUDENT,,DCS0633,student123
shm,shm@g.nsu.ru,STUDENT,,DCS0634,student123
shn,shn@g.nsu.ru,STUDENT,,DCS0635,student123
sho,sho@g.nsu.ru,STUDENT,,DCS0636,student123
shp,shp@g.nsu.ru,STUDENT,,DCS0637,student123
shq,shq@g.nsu.ru,STUDENT,,DCS0638,student123
shr,shr@g.nsu.ru,STUDENT,,DCS0639,student123
shs,shs@g.nsu.ru,STUDENT,,DCS0640,student123
sht,sht@g.nsu.ru,STUDENT,,DCS0641,student123
shu,shu@g.nsu.ru,STUDENT,,DCS0642,student123
shv,shv@g.nsu.ru,STUDENT,,DCS0643,student123
shw,shw@g.nsu.ru,STUDENT,,DCS0644,student123
shx,shx@g.nsu.ru,STUDENT,,DCS0645,student123
shy,shy@g.nsu.ru,STUDENT,,DCS0646,student123
shz,shz@g.nsu.ru,STUDENT,,DCS0647,student123
si0,si0@g.nsu.ru,STUDENT,,DCS0648,student123
si1,si1@g.nsu.ru,STUDENT,,DCS0649,student123
si2,si2@g.nsu.ru,STUDENT,,DCS0650,student123
si3,si3@g.nsu.ru,STUDENT,,DCS0651,student123
si4,si4@g.nsu.ru,STUDENT,,DCS0652,student123
si5,si5@g.nsu.ru,STUDENT,,DCS0653,student123
si6,si6@g.nsu.ru,STUDENT,,DCS0654,student123
si7,si7@g.nsu.ru,STUDENT,,DCS0655,student123
si8,si8@g.nsu.ru,STUDENT,,DCS0656,student123
si9,si9@g.nsu.ru,STUDENT,,DCS0657,student123
sia,sia@g.nsu.ru,STUDENT,,DCS0658,student123
sib,sib@g.nsu.ru,STUDENT,,DCS0659,student123
sic,sic@g.nsu.ru,STUDENT,,DCS0660,student123
sid,sid@g.nsu.ru,STUDENT,,DCS0661,student123
sie,sie@g.nsu.ru,STUDENT,,DCS0662,student123
sif,sif@g.nsu.ru,STUDENT,,DCS0663,student123
sig,sig@g.nsu.ru,STUDENT,,DCS0664,student123
sih,sih@g.nsu.ru,STUDENT,,DCS0665,student123
sii,sii@g.nsu.ru,STUDENT,,DCS0666,student123
sij,sij@g.nsu.ru,STUDENT,,DCS0667,student123
sik,sik@g.nsu.ru,STUDENT,,DCS0668,student123
sil,sil@g.nsu.ru,STUDENT,,DCS0669,student123
sim,sim@g.nsu.ru,STUDENT,,DCS0670,student123
sin,sin@g.nsu.ru,STUDENT,,DCS0671,student123
sio,sio@g.nsu.ru,STUDENT,,DCS0672,student123
sip,sip@g.nsu.ru,STUDENT,,DCS0673,student123
siq,siq@g.nsu.ru,STUDENT,,DCS0674,student123
sir,sir@g.nsu.ru,STUDENT,,DCS0675,student123
sis,sis@g.nsu.ru,STUDENT,,DCS0676,student123
sit,sit@g.nsu.ru,STUDENT,,DCS0677,student123
siu,siu@g.nsu.ru,STUDENT,,DCS0678,student123
siv,siv@g.nsu.ru,STUDENT,,DCS0679,student123
siw,siw@g.nsu.ru,STUDENT,,DCS0680,student123
six,six@g.nsu.ru,STUDENT,,DCS0681,student123
siy,siy@g.nsu.ru,STUDENT,,DCS0682,student123
siz,siz@g.nsu.ru,STUDENT,,DCS0683,student123
sj0,sj0@g.nsu.ru,STUDENT,,DCS0684,student123
sj1,sj1@g.nsu.ru,STUDENT,,DCS0685,student123
sj2,sj2@g.nsu.ru,STUDENT,,DCS0686,student123
sj3,sj3@g.nsu.ru,STUDENT,,DCS0687,student123
sj4,sj4@g.nsu.ru,STUDENT,,DCS0688,student123
sj5,sj5@g.nsu.ru,STUDENT,,DCS0689,student123
sj6,sj6@g.nsu.ru,STUDENT,,DCS0690,student123
sj7,sj7@g.nsu.ru,STUDENT,,DCS0691,student123
sj8,sj8@g.nsu.ru,STUDENT,,DCS0692,student123
sj9,sj9@g.nsu.ru,STUDENT,,DCS0693,student123
sja,sja@g.nsu.ru,STUDENT,,DCS0694,student123
sjb,sjb@g.nsu.ru,STUDENT,,DCS0695,student123
sjc,sjc@g.nsu.ru,STUDENT,,DCS0696,student123
sjd,sjd@g.nsu.ru,STUDENT,,DCS0697,student123
sje,sje@g.nsu.ru,STUDENT,,DCS0698,student123
sjf,sjf@g.nsu.ru,STUDENT,,DCS0699,student123
sjg,sjg@g.nsu.ru,STUDENT,,DCS0700,student123
sjh,sjh@g.nsu.ru,STUDENT,,DCS0701,student123
sji,sji@g.nsu.ru,STUDENT,,DCS0702,student123
sjj,sjj@g.nsu.ru,STUDENT,,DCS0703,student123
sjk,sjk@g.nsu.ru,STUDENT,,DCS0704,student123
sjl,sjl@g.nsu.ru,STUDENT,,DCS0705,student123
sjm,sjm@g.nsu.ru,STUDENT,,DCS0706,student123
sjn,sjn@g.nsu.ru,STUDENT,,DCS0707,student123
sjo,sjo@g.nsu.ru,STUDENT,,DCS0708,student123
sjp,sjp@g.nsu.ru,STUDENT,,DCS0709,student123
sjq,sjq@g.nsu.ru,STUDENT,,DCS0710,student123
sjr,sjr@g.nsu.ru,STUDENT,,DCS0711,student123
sjs,sjs@g.nsu.ru,STUDENT,,DCS0712,student123
sjt,sjt@g.nsu.ru,STUDENT,,DCS0713,student123
sju,sju@g.nsu.ru,STUDENT,,DCS0714,student123
sjv,sjv@g.nsu.ru,STUDENT,,DCS0715,student123
sjw,sjw@g.nsu.ru,STUDENT,,DCS0716,student123
sjx,sjx@g.nsu.ru,STUDENT,,DCS0717,student123
sjy,sjy@g.nsu.ru,STUDENT,,DCS0718,student123
sjz,sjz@g.nsu.ru,STUDENT,,DCS0719,student123
sk0,sk0@g.nsu.ru,STUDENT,,DCS0720,student123
sk1,sk1@g.nsu.ru,STUDENT,,DCS0721,student123
sk2,sk2@g.nsu.ru,STUDENT,,DCS0722,student123
sk3,sk3@g.nsu.ru,STUDENT,,DCS0723,student123
sk4,sk4@g.nsu.ru,STUDENT,,DCS0724,student123
sk5,sk5@g.nsu.ru,STUDENT,,DCS0725,student123
sk6,sk6@g.nsu.ru,STUDENT,,DCS0726,student123
sk7,sk7@g.nsu.ru,STUDENT,,DCS0727,student123
sk8,sk8@g.nsu.ru,STUDENT,,DCS0728,student123
sk9,sk9@g.nsu.ru,STUDENT,,DCS0729,student123
ska,ska@g.nsu.ru,STUDENT,,DCS0730,student123
skb,skb@g.nsu.ru,STUDENT,,DCS0731,student123
skc,skc@g.nsu.ru,STUDENT,,DCS0732,student123
skd,skd@g.nsu.ru,STUDENT,,DCS0733,student123
ske,ske@g.nsu.ru,STUDENT,,DCS0734,student123
skf,skf@g.nsu.ru,STUDENT,,DCS0735,student123
skg,skg@g.nsu.ru,STUDENT,,DCS0736,student123
skh,skh@g.nsu.ru,STUDENT,,DCS0737,student123
ski,ski@g.nsu.ru,STUDENT,,DCS0738,student123
skj,skj@g.nsu.ru,STUDENT,,DCS0739,student123
skk,skk@g.nsu.ru,STUDENT,,DCS0740,student123
skl,skl@g.nsu.ru,STUDENT,,DCS0741,student123
skm,skm@g.nsu.ru,STUDENT,,DCS0742,student123
skn,skn@g.nsu.ru,STUDENT,,DCS0743,student123
sko,sko@g.nsu.ru,STUDENT,,DCS0744,student123
skp,skp@g.nsu.ru,STUDENT,,DCS0745,student123
skq,skq@g.nsu.ru,STUDENT,,DCS0746,student123
skr,skr@g.nsu.ru,STUDENT,,DCS0747,student123
sks,sks@g.nsu.ru,STUDENT,,DCS0748,student123
skt,skt@g.nsu.ru,STUDENT,,DCS0749,student123
sku,sku@g.nsu.ru,STUDENT,,DCS0750,student123
skv,skv@g.nsu.ru,STUDENT,,DCS0751,student123
skw,skw@g.nsu.ru,STUDENT,,DCS0752,student123
skx,skx@g.nsu.ru,STUDENT,,DCS0753,student123
sky,sky@g.nsu.ru,STUDENT,,DCS0754,student123
skz,skz@g.nsu.ru,STUDENT,,DCS0755,student123
sl0,sl0@g.nsu.ru,STUDENT,,DCS0756,student123
sl1,sl1@g.nsu.ru,STUDENT,,DCS0757,student123
sl2,sl2@g.nsu.ru,STUDENT,,DCS0758,student123
sl3,sl3@g.nsu.ru,STUDENT,,DCS0759,student123
sl4,sl4@g.nsu.ru,STUDENT,,DCS0760,student123
sl5,sl5@g.nsu.ru,STUDENT,,DCS0761,student123
sl6,sl6@g.nsu.ru,STUDENT,,DCS0762,student123
sl7,sl7@g.nsu.ru,STUDENT,,DCS0763,student123
sl8,sl8@g.nsu.ru,STUDENT,,DCS0764,student123
sl9,sl9@g.nsu.ru,STUDENT,,DCS0765,student123
sla,sla@g.nsu.ru,STUDENT,,DCS0766,student123
slb,slb@g.nsu.ru,STUDENT,,DCS0767,student123
slc,slc@g.nsu.ru,STUDENT,,DCS0768,student123
sld,sld@g.nsu.ru,STUDENT,,DCS0769,student123
sle,sle@g.nsu.ru,STUDENT,,DCS0770,student123
slf,slf@g.nsu.ru,STUDENT,,DCS0771,student123
slg,slg@g.nsu.ru,STUDENT,,DCS0772,student123
slh,slh@g.nsu.ru,STUDENT,,DCS0773,student123
sli,sli@g.nsu.ru,STUDENT,,DCS0774,student123
slj,slj@g.nsu.ru,STUDENT,,DCS0775,student123
slk,slk@g.nsu.ru,STUDENT,,DCS0776,student123
sll,sll@g.nsu.ru,STUDENT,,DCS0777,student123
slm,slm@g.nsu.ru,STUDENT,,DCS0778,student123
sln,sln@g.nsu.ru,STUDENT,,DCS0779,student123
slo,slo@g.nsu.ru,STUDENT,,DCS0780,student123
slp,slp@g.nsu.ru,STUDENT,,DCS0781,student123
slq,slq@g.nsu.ru,STUDENT,,DCS0782,student123
slr,slr@g.nsu.ru,STUDENT,,DCS0783,student123
sls,sls@g.nsu.ru,STUDENT,,DCS0784,student123
slt,slt@g.nsu.ru,STUDENT,,DCS0785,student123
slu,slu@g.nsu.ru,STUDENT,,DCS0786,student123
slv,slv@g.nsu.ru,STUDENT,,DCS0787,student123
slw,slw@g.nsu.ru,STUDENT,,DCS0788,student123
slx,slx@g.nsu.ru,STUDENT,,DCS0789,student123
sly,sly@g.nsu.ru,STUDENT,,DCS0790,student123
slz,slz@g.nsu.ru,STUDENT,,DCS0791,student123
sm0,sm0@g.nsu.ru,STUDENT,,DCS0792,student123
sm1,sm1@g.nsu.ru,STUDENT,,DCS0793,student123
sm2,sm2@g.nsu.ru,STUDENT,,DCS0794,student123
sm3,sm3@g.nsu.ru,STUDENT,,DCS0795,student123
sm4,sm4@g.nsu.ru,STUDENT,,DCS0796,student123
sm5,sm5@g.nsu.ru,STUDENT,,DCS0797,student123
sm6,sm6@g.nsu.ru,STUDENT,,DCS0798,student123
sm7,sm7@g.nsu.ru,STUDENT,,DCS0799,student123
sm8,sm8@g.nsu.ru,STUDENT,,DCS0800,student123
sm9,sm9@g.nsu.ru,STUDENT,,DCS0801,student123
sma,sma@g.nsu.ru,STUDENT,,DCS0802,student123
smb,smb@g.nsu.ru,STUDENT,,DCS0803,student123
smc,smc@g.nsu.ru,STUDENT,,DCS0804,student123
smd,smd@g.nsu.ru,STUDENT,,DCS0805,student123
sme,sme@g.nsu.ru,STUDENT,,DCS0806,student123
smf,smf@g.nsu.ru,STUDENT,,DCS0807,student123
smg,smg@g.nsu.ru,STUDENT,,DCS0808,student123
smh,smh@g.nsu.ru,STUDENT,,DCS0809,student123
smi,smi@g.nsu.ru,STUDENT,,DCS0810,student123
smj,smj@g.nsu.ru,STUDENT,,DCS0811,student123
smk,smk@g.nsu.ru,STUDENT,,DCS0812,student123
sml,sml@g.nsu.ru,STUDENT,,DCS0813,student123
smm,smm@g.nsu.ru,STUDENT,,DCS0814,student123
smn,smn@g.nsu.ru,STUDENT,,DCS0815,student123
smo,smo@g.nsu.ru,STUDENT,,DCS0816,student123
smp,smp@g.nsu.ru,STUDENT,,DCS0817,student123
smq,smq@g.nsu.ru,STUDENT,,DCS0818,student123
smr,smr@g.nsu.ru,STUDENT,,DCS0819,student123
sms,sms@g.nsu.ru,STUDENT,,DCS0820,student123
smt,smt@g.nsu.ru,STUDENT,,DCS0821,student123
smu,smu@g.nsu.ru,STUDENT,,DCS0822,student123
smv,smv@g.nsu.ru,STUDENT,,DCS0823,student123
smw,smw@g.nsu.ru,STUDENT,,DCS0824,student123
smx,smx@g.nsu.ru,STUDENT,,DCS0825,student123
smy,smy@g.nsu.ru,STUDENT,,DCS0826,student123
smz,smz@g.nsu.ru,STUDENT,,DCS0827,student123
sn0,sn0@g.nsu.ru,STUDENT,,DCS0828,student123
sn1,sn1@g.nsu.ru,STUDENT,,DCS0829,student123
sn2,sn2@g.nsu.ru,STUDENT,,DCS0830,student123
sn3,sn3@g.nsu.ru,STUDENT,,DCS0831,student123
sn4,sn4@g.nsu.ru,STUDENT,,DCS0832,student123
sn5,sn5@g.nsu.ru,STUDENT,,DCS0833,student123
sn6,sn6@g.nsu.ru,STUDENT,,DCS0834,student123
sn7,sn7@g.nsu.ru,STUDENT,,DCS0835,student123
sn8,sn8@g.nsu.ru,STUDENT,,DCS0836,student123
sn9,sn9@g.nsu.ru,STUDENT,,DCS0837,student123
sna,sna@g.nsu.ru,STUDENT,,DCS0838,student123
snb,snb@g.nsu.ru,STUDENT,,DCS0839,student123
snc,snc@g.nsu.ru,STUDENT,,DCS0840,student123
snd,snd@g.nsu.ru,STUDENT,,DCS0841,student123
sne,sne@g.nsu.ru,STUDENT,,DCS0842,student123
snf,snf@g.nsu.ru,STUDENT,,DCS0843,student123
sng,sng@g.nsu.ru,STUDENT,,DCS0844,student123
snh,snh@g.nsu.ru,STUDENT,,DCS0845,student123
sni,sni@g.nsu.ru,STUDENT,,DCS0846,student123
snj,snj@g.nsu.ru,STUDENT,,DCS0847,student123
snk,snk@g.nsu.ru,STUDENT,,DCS0848,student123
snl,snl@g.nsu.ru,STUDENT,,DCS0849,student123
snm,snm@g.nsu.ru,STUDENT,,DCS0850,student123
snn,snn@g.nsu.ru,STUDENT,,DCS0851,student123
sno,sno@g.nsu.ru,STUDENT,,DCS0852,student123
snp,snp@g.nsu.ru,STUDENT,,DCS0853,student123
snq,snq@g.nsu.ru,STUDENT,,DCS0854,student123
snr,snr@g.nsu.ru,STUDENT,,DCS0855,student123
sns,sns@g.nsu.ru,STUDENT,,DCS0856,student123
snt,snt@g.nsu.ru,STUDENT,,DCS0857,student123
snu,snu@g.nsu.ru,STUDENT,,DCS0858,student123
snv,snv@g.nsu.ru,STUDENT,,DCS0859,student123
snw,snw@g.nsu.ru,STUDENT,,DCS0860,student123
snx,snx@g.nsu.ru,STUDENT,,DCS0861,student123
sny,sny@g.nsu.ru,STUDENT,,DCS0862,student123
snz,snz@g.nsu.ru,STUDENT,,DCS0863,student123
so0,so0@g.nsu.ru,STUDENT,,DCS0864,student123
so1,so1@g.nsu.ru,STUDENT,,DCS0865,student123
so2,so2@g.nsu.ru,STUDENT,,DCS0866,student123
so3,so3@g.nsu.ru,STUDENT,,DCS0867,student123
so4,so4@g.nsu.ru,STUDENT,,DCS0868,student123
so5,so5@g.nsu.ru,STUDENT,,DCS0869,student123
so6,so6@g.nsu.ru,STUDENT,,DCS0870,student123
so7,so7@g.nsu.ru,STUDENT,,DCS0871,student123
so8,so8@g.nsu.ru,STUDENT,,DCS0872,student123
so9,so9@g.nsu.ru,STUDENT,,DCS0873,student123
soa,soa@g.nsu.ru,STUDENT,,DCS0874,student123
sob,sob@g.nsu.ru,STUDENT,,DCS0875,student123
soc,soc@g.nsu.ru,STUDENT,,DCS0876,student123
sod,sod@g.nsu.ru,STUDENT,,DCS0877,student123
soe,soe@g.nsu.ru,STUDENT,,DCS0878,student123
sof,sof@g.nsu.ru,STUDENT,,DCS0879,student123
sog,sog@g.nsu.ru,STUDENT,,DCS0880,student123
soh,soh@g.nsu.ru,STUDENT,,DCS0881,student123
soi,soi@g.nsu.ru,STUDENT,,DCS0882,student123
soj,soj@g.nsu.ru,STUDENT,,DCS0883,student123
sok,sok@g.nsu.ru,STUDENT,,DCS0884,student123
sol,sol@g.nsu.ru,STUDENT,,DCS0885,student123
som,som@g.nsu.ru,STUDENT,,DCS0886,student123
son,son@g.nsu.ru,STUDENT,,DCS0887,student123
soo,soo@g.nsu.ru,STUDENT,,DCS0888,student123
sop,sop@g.nsu.ru,STUDENT,,DCS0889,student123
soq,soq@g.nsu.ru,STUDENT,,DCS0890,student123
sor,sor@g.nsu.ru,STUDENT,,DCS0891,student123
sos,sos@g.nsu.ru,STUDENT,,DCS0892,student123
sot,sot@g.nsu.ru,STUDENT,,DCS0893,student123
sou,sou@g.nsu.ru,STUDENT,,DCS0894,student123
sov,sov@g.nsu.ru,STUDENT,,DCS0895,student123
sow,sow@g.nsu.ru,STUDENT,,DCS0896,student123
sox,sox@g.nsu.ru,STUDENT,,DCS0897,student123
soy,soy@g.nsu.ru,STUDENT,,DCS0898,student123
soz,soz@g.nsu.ru,STUDENT,,DCS0899,student123
sp0,sp0@g.nsu.ru,STUDENT,,DCS0900,student123
